ProductID,Product_name,units_sold,revenue,units_return,return_value
1041,"VINTAGE SHELLS PRINT",201,1722.56,0,0.00
616,"LARGE ROUND WICKER PLATTER ",782,4712.79,0,0.00
40,"RED TOADSTOOL LED NIGHT LIGHT",56628,96563.28,0,0.00
1040,"SWEET PUDDING STICKER SHEET",405,393.98,0,0.00
1039,"CANDY SHOP  STICKER SHEET",805,739.90,0,0.00
437,"BOYS VINTAGE TIN SEASIDE BUCKET",5778,15693.09,0,0.00
387,"FOLDING UMBRELLA RED/WHITE POLKADOT",1393,6522.23,0,0.00
1038,"BAG 250g SWIRLY MARBLES",20592,16173.15,0,0.00
1037,"BAG 125g SWIRLY MARBLES",37767,14202.93,0,0.00
1036,"SKULLS  STICKERS",4607,4156.70,0,0.00
673,"VINTAGE GLASS COFFEE CADDY",347,2258.89,0,0.00
676,"GLASS  BEURRE DISH",3537,14955.95,0,0.00
1035,"ASSORTED TUTTI FRUTTI KEYRING BALL",4613,1808.02,0,0.00
1034,"ASSORTED MINI MADRAS NOTEBOOK",3905,1930.31,0,0.00
534,"SAVE THE PLANET COTTON TOTE BAG",2900,6715.84,0,0.00
1033,"PINK  HEART SHAPE LOVE BUCKET ",4172,7344.20,0,0.00
1032,"RED HEART SHAPE LOVE BUCKET ",5592,11253.84,0,0.00
68,"STRAWBERRY LUNCH BOX WITH CUTLERY",15784,39081.65,0,0.00
111,"DOORMAT FANCY FONT HOME SWEET HOME",13051,86922.43,0,0.00
1031,"ELEPHANT, BIRTHDAY CARD, ",13413,5734.37,0,0.00
3688,"ELEPHANT BIRTHDAY CARD ",13413,5734.37,0,0.00
550,"RED WHITE SCARF  HOT WATER BOTTLE",294,2399.06,0,0.00
562,"PINK HEART DOTS HOT WATER BOTTLE",162,663.62,0,0.00
198,"CHICK GREY HOT WATER BOTTLE",7636,34638.37,0,0.00
214,"WHITE SKULL HOT WATER BOTTLE ",15914,83632.44,0,0.00
761,"RED GINGHAM ROSE JEWELLERY BOX",7136,13878.61,0,0.00
1030,"SPOTTY PINK DUCK DOORSTOP",1162,5219.00,0,0.00
1029,"BROWN CHECK CAT DOORSTOP ",1163,5705.63,0,0.00
1028,"IVORY HANGING DECORATION  HEART",15606,13834.32,0,0.00
1027,"MIRRORED WALL ART TABLE LAMP",302,439.86,0,0.00
1026,"MIRRORED WALL ART SPLODGES",406,657.33,0,0.00
1025,"MIRRORED WALL ART PHOTO FRAMES",357,1889.15,0,0.00
1024,"MIRRORED WALL ART STARS",1459,1811.97,0,0.00
1023,"TOAST ITS - BEST MUM",3233,4075.95,0,0.00
1022,"EUCALYPTUS & PINECONE  WREATH",1525,6125.23,0,0.00
1021,"IVY HEART WREATH",80,710.50,0,0.00
224,"BALLOONS  WRITING SET ",5410,9762.83,0,0.00
521,"SKULLS WRITING SET ",3472,5980.02,0,0.00
199,"SMALL GLASS HEART TRINKET POT",17127,39532.75,0,0.00
1020,"GLASS HEART T-LIGHT HOLDER ",13380,11665.59,0,0.00
1019,"WHITE GOOSE FEATHER CHRISTMAS TREE ",1350,5044.44,0,0.00
57,"VICTORIAN SEWING BOX LARGE",2216,31871.62,0,0.00
1018,"WOODLAND  HEIGHT CHART STICKERS ",2911,8693.13,0,0.00
1017,"RED RETROSPOT CUP",15896,13975.66,0,0.00
209,"STRAWBERRY CERAMIC TRINKET BOX",48130,66032.32,0,0.00
3960,"STRAWBERRY CERAMIC TRINKET POT",48130,66032.32,0,0.00
1016,"SWEETHEART CERAMIC TRINKET BOX",24346,30653.04,0,0.00
969,"RED SPOTTY BISCUIT TIN",9754,40595.66,0,0.00
1015,"RED RETROSPOT ROUND CAKE TINS",4376,46351.12,0,0.00
1014,"SET 3 RETROSPOT TEA,COFFEE,SUGAR",8569,45814.80,0,0.00
285,"PACK OF 72 SKULL CAKE CASES",60837,33796.50,0,0.00
70,"PACK OF 72 RETROSPOT CAKE CASES",146639,85635.13,0,0.00
314,"SET OF 72 RETROSPOT PAPER  DOILIES",23305,33590.46,0,0.00
1013,"SKULL AND CROSSBONES  GARLAND ",4288,6775.82,0,0.00
1012,"PINK  HONEYCOMB PAPER BALL ",2784,5272.10,0,0.00
1011,"LARGE WHITE HONEYCOMB PAPER BELL  ",2263,5866.21,0,0.00
1010,"WHITE HONEYCOMB PAPER GARLAND ",1424,3568.12,0,0.00
93,"GIN + TONIC DIET METAL SIGN",48924,108361.45,0,0.00
4033,"GIN AND TONIC DIET METAL SIGN",48924,108361.45,0,0.00
1009,"POTTERING IN THE SHED METAL SIGN",16740,37720.16,0,0.00
91,"YOU'RE CONFUSING ME METAL SIGN ",17732,29349.84,0,0.00
92,"COOK WITH WINE METAL SIGN ",41502,83931.56,0,0.00
1008,"BEWARE OF THE CAT METAL SIGN ",16651,27817.07,0,0.00
1007,"MOODY GIRL DOOR HANGER ",5913,3165.66,0,0.00
451,"RED RETROSPOT OVEN GLOVE ",16380,25561.67,0,0.00
1006,"JINGLE BELLS TREE DECORATION",818,1676.91,0,0.00
480,"SET/10 RED POLKADOT PARTY CANDLES",26620,32249.22,0,0.00
352,"OWL DOORSTOP",2790,16274.26,0,0.00
151,"ROSE CARAVAN DOORSTOP",2269,12740.79,0,0.00
266,"FAIRY CAKE FLANNEL ASSORTED COLOUR",41065,72477.53,0,0.00
623,"CREAM SLICE FLANNEL PINK SPOT ",3746,10347.66,0,0.00
611,"CHRISTMAS TOILET ROLL",15080,20713.57,0,0.00
172,"SET/20 RED RETROSPOT PAPER NAPKINS ",53123,45518.56,0,0.00
51,"VINTAGE BILLBOARD DRINK ME MUG",4117,5699.17,0,0.00
1005,"VINTAGE BILLBOARD MUG ",4442,4764.94,0,0.00
1004,"VINTAGE BILLBOARD TEA MUG",7826,9042.10,0,0.00
52,"VINTAGE BILLBOARD LOVE/HATE MUG",6662,7683.10,0,0.00
603,"RED RETROSPOT OVEN GLOVE DOUBLE",3710,15727.06,0,0.00
34,"SET/2 RED RETROSPOT TEA TOWELS ",10453,34341.07,0,0.00
1003,"ANTIQUE ALL GLASS CANDLESTICK",4707,10530.73,0,0.00
1002,"ROSE DU SUD COSMETICS BAG",389,1463.72,0,0.00
1001,"JAZZ HEARTS ADDRESS BOOK",12777,2910.68,0,0.00
257,"JAZZ HEARTS PURSE NOTEBOOK",17829,7885.30,0,0.00
1000,"12 PENCILS TALL TUBE WOODLAND",7930,6992.80,0,0.00
999,"12 PENCILS SMALL TUBE RED RETROSPOT",26736,17681.43,0,0.00
630,"12 PENCIL SMALL TUBE WOODLAND",18145,12954.47,0,0.00
602,"PINK CREAM FELT CRAFT TRINKET BOX ",29538,36754.78,0,0.00
998,"PINK BLUE FELT CRAFT TRINKET BOX",44233,55613.81,0,0.00
997,"RED FLORAL FELTCRAFT SHOULDER BAG",7868,29030.46,0,0.00
248,"SANDWICH BATH SPONGE",2920,4165.10,0,0.00
249,"APPLE BATH SPONGE",5491,7834.73,0,0.00
250,"STRAWBERRY BATH SPONGE ",5058,7149.26,0,0.00
996,"PORCELAIN T-LIGHT HOLDERS ASSORTED",3325,4637.37,0,0.00
292,"SET/5 RED RETROSPOT LID GLASS BOWLS",25677,74078.99,0,0.00
2854,"SET/5 RED SPOTTY LID GLASS BOWLS",25677,74078.99,0,0.00
760,"VINTAGE KEEPSAKE BOX PARIS DAYS",452,2785.58,0,0.00
730,"PINK ROSE FABRIC MIRROR",1361,1621.39,0,0.00
995,"FRENCH FLORAL CUSHION COVER ",2133,2538.60,0,0.00
994,"FRENCH PAISLEY CUSHION COVER ",2301,3371.08,0,0.00
993,"FRENCH LATTICE CUSHION COVER ",269,274.22,0,0.00
591,"GARDEN PATH JOURNAL",990,2492.37,0,0.00
992,"ABSTRACT CIRCLE JOURNAL ",745,1811.75,0,0.00
991,"BLACK MINI TAPE MEASURE ",2502,2520.00,0,0.00
990,"GOLD MINI TAPE MEASURE ",4962,3847.54,0,0.00
67,"LUNCH BAG RED RETROSPOT",78420,144553.82,0,0.00
2855,"LUNCH BAG RED SPOTTY",78420,144553.82,0,0.00
989,"RED RETROSPOT CHARLOTTE BAG",71151,87213.42,0,0.00
988,"WOODLAND CHARLOTTE BAG",53477,67351.41,0,0.00
306,"DOORMAT RED RETROSPOT",16467,113034.17,0,0.00
987,"STRAWBERRY DREAM CHILDS UMBRELLA",326,1105.26,0,0.00
986,"RED RETROSPOT BOWL",20327,25796.36,0,0.00
332,"RED HEART LUGGAGE TAG",1230,1808.12,0,0.00
169,"DISCO BALL CHRISTMAS DECORATION",52399,6109.15,0,0.00
985,"FIRST CLASS HOLIDAY PURSE ",125,364.19,0,0.00
984,"RED RETROSPOT LUGGAGE TAG",1753,2639.73,0,0.00
983,"VIPPASSPORT COVER ",745,1227.41,0,0.00
3542,"VIP PASSPORT COVER ",745,1227.41,0,0.00
982,"PORCELAIN BUTTERFLY OIL BURNER",1071,3746.54,0,0.00
981,"BLUE GLASS GEMS IN BAG",2354,2218.64,0,0.00
980,"ORIGAMI SANDLEWOOD INCENSE/CAND SET",1794,2127.42,0,0.00
979,"ORIGAMI OPIUM INCENSE/CANDLE SET ",274,303.58,0,0.00
978,"ORIGAMI ROSE INCENSE/CANDLE SET ",1854,2207.58,0,0.00
977,"ORIGAMI LAVENDER INCENSE/CANDL SET ",1686,1942.42,0,0.00
976,"ORIGAMI JASMINE INCENSE/CANDLE SET",2103,2390.93,0,0.00
975,"ORIGAMI VANILLA INCENSE/CANDLE SET ",1296,1513.76,0,0.00
974,"ORIGAMI SANDLEWOOD INCENSE+FLOWER",325,269.65,0,0.00
973,"BROCADE RING PURSE ",92299,24161.97,0,0.00
344,"PARTY TIME PENCIL ERASERS",5655,1302.91,0,0.00
316,"SLEEPING CAT ERASERS",20439,4275.67,0,0.00
972,"KITTY PENCIL ERASERS",5754,1281.22,0,0.00
971,"ASSTD DESIGN RACING CAR PEN",6479,9594.88,0,0.00
872,"VINTAGE CREAM DOG FOOD CONTAINER",4037,38874.74,0,0.00
970,"VINTAGE CREAM CAT FOOD CONTAINER",3221,21676.64,0,0.00
874,"LOVE HEART NAPKIN BOX ",720,3473.46,0,0.00
166,"ROSE COTTAGE KEEPSAKE BOX ",3231,31962.09,0,0.00
190,"HAND WARMER SCOTTY DOG DESIGN",27177,58984.81,0,0.00
8,"HAND WARMER UNION JACK",19974,41216.88,0,0.00
968,"BLUE PATCH PURSE PINK HEART",986,1561.78,0,0.00
967,"DENIM PATCH PURSE PINK BUTTERFLY",873,1444.01,0,0.00
73,"60 TEATIME FAIRY CAKE CASES",73138,36881.92,0,0.00
966,"SET OF 72 PINK HEART PAPER DOILIES",17268,26728.98,0,0.00
305,"SILVER HANGING T-LIGHT HOLDER",19378,30838.32,0,0.00
965,"ANTIQUE SILVER TEA GLASS ETCHED",77442,104189.70,0,0.00
3108,"ANTIQUE SILVER T-LIGHT GLASS",77442,104189.70,0,0.00
964,"PINK BUTTERFLY HANDBAG W BOBBLES",651,2699.11,0,0.00
963,"MINT GREEN ROSE TOWEL",789,3033.08,0,0.00
962,"SOFT PINK ROSE TOWEL ",1093,3814.68,0,0.00
961,"GREEN ROSE WASHBAG",1299,4556.48,0,0.00
100,"ZINC WILLIE WINKIE  CANDLE STICK",11778,10895.57,0,0.00
686,"BOX OF 24 COCKTAIL PARASOLS",31815,17416.73,0,0.00
265,"PINK NEW BAROQUECANDLESTICK CANDLE",1925,2480.99,0,0.00
960,"BOYS ALPHABET IRON ON PATCHES",7903,2185.45,0,0.00
959,"DOG TOY WITH PINK CROCHET SKIRT",759,2880.55,0,0.00
958,"MOUSE TOY WITH PINK T-SHIRT",1565,5964.85,0,0.00
957,"FAIRY CAKES NOTEBOOK A7 SIZE",8437,3575.55,0,0.00
956,"ENGLISH ROSE NOTEBOOK A7 SIZE",12630,5695.23,0,0.00
955,"FAIRY CAKES NOTEBOOK A6 SIZE",5330,3402.94,0,0.00
954,"FAIRY CAKE NOTEBOOK A5 SIZE",253,247.45,0,0.00
282,"SET OF 3 BUTTERFLY COOKIE CUTTERS",23262,32734.59,0,0.00
283,"SET OF 3 HEART COOKIE CUTTERS",25435,34212.39,0,0.00
300,"SET OF 20 KIDS COOKIE CUTTERS",17438,37958.99,0,0.00
953,"DOTCOM POSTAGE",2830,827933.82,0,0.00
952,"LETTER "R" BLING KEY RING",166,113.74,0,0.00
951,"LETTER "J" BLING KEY RING",287,232.19,0,0.00
950,"LETTER "H" BLING KEY RING",195,149.59,0,0.00
949,"LETTER "G" BLING KEY RING",242,162.50,0,0.00
948,"LETTER "D" BLING KEY RING",273,200.45,0,0.00
947,"GREEN ENAMEL+GLASS HAIR COMB",743,1437.29,0,0.00
487,"BLUE SWEETHEART BRACELET",203,858.45,0,0.00
489,"PURPLE SWEETHEART BRACELET",315,1326.50,0,0.00
946,"SILVER LARIAT BLACK STONE EARRINGS",65,275.72,0,0.00
945,"SILVER/AMETHYST DROP EARRINGS LEAF",82,239.64,0,0.00
944,"ANT COPPER RED BOUDICCA BRACELET",98,489.82,0,0.00
943,"TURQUOISE GLASS TASSLE BAG CHARM ",229,487.18,0,0.00
942,"PINK GLASS TASSLE BAG CHARM ",182,335.24,0,0.00
941,"GREEN MURANO TWIST BRACELET",205,865.04,0,0.00
940,"FRUIT SALAD BAG CHARM",257,584.59,0,0.00
939,"NECKLACE+BRACELET SET BLUE HIBISCUS",113,320.78,0,0.00
938,"RUBY GLASS CLUSTER EARRINGS",177,219.74,0,0.00
937,"EDWARDIAN DROP EARRINGS JET BLACK",97,364.61,0,0.00
936,"SILVER M.O.P ORBIT DROP EARRINGS",185,777.56,0,0.00
935,"MIDNIGHT BLUE PAIR HEART HAIR SLIDE",129,483.17,0,0.00
934,"SET OF 3 BABUSHKA STACKING TINS",1118,5534.10,0,0.00
515,"CINAMMON SET OF 9 T-LIGHTS",3514,3159.55,0,0.00
751,"SMALL HANGING IVORY/RED WOOD BIRD",10772,5268.98,0,0.00
933,"EASTER BUNNY GARLAND OF FLOWERS",2462,1176.90,0,0.00
932,"VICTORIAN SEWING KIT",10195,11445.33,0,0.00
931,"BASKET OF FLOWERS SEWING KIT",3265,2592.10,0,0.00
930,"SEWING SUSAN 21 NEEDLE SET",3680,3535.16,0,0.00
195,"HAND OVER THE CHOCOLATE   SIGN ",33179,64128.64,0,0.00
929,"RED DRAGONFLY HELICOPTER",428,3458.36,0,0.00
769,"BLUE DRAGONFLY HELICOPTER",276,2226.96,0,0.00
928,"CHARLIE + LOLA BISCUITS TINS",2225,6675.31,0,0.00
927,"BEADED CRYSTAL HEART GREEN ON STICK",2498,2089.54,0,0.00
926,"BEADED CRYSTAL HEART PINK SMALL",835,1380.97,0,0.00
925,"SMALL SQUARE CUT GLASS CANDLESTICK",752,4456.40,0,0.00
1,"WHITE HANGING HEART T-LIGHT HOLDER",152785,428641.45,0,0.00
4044,"CREAM HANGING HEART T-LIGHT HOLDER",152785,428641.45,0,0.00
328,"BLACK CANDELABRA T-LIGHT HOLDER",3918,4569.16,0,0.00
644,"IVORY ENCHANTED FOREST PLACEMAT",2098,4188.66,0,0.00
139,"JUMBO BAG RED RETROSPOT",194578,378558.18,0,0.00
924,"CREAM SWEETHEART LETTER RACK",875,3997.89,0,0.00
430,"URBAN BLACK RIBBONS ",3405,3493.91,0,0.00
278,"CHOCOLATE BOX RIBBONS ",6960,9199.96,0,0.00
223,"SCANDINAVIAN REDS RIBBONS",12029,16831.33,0,0.00
923,"15CM CHRISTMAS GLASS BALL 20 LIGHTS",5440,43692.30,0,0.00
922,"SET/4 RED MINI ROSE CANDLE IN BOWL",2990,4596.28,0,0.00
921,"YULETIDE IMAGES GIFT WRAP SET",2780,2309.92,0,0.00
920,"ENVELOPE 50 BLOSSOM IMAGES",4316,2407.96,0,0.00
919,"ENVELOPE 50 ROMANTIC IMAGES",71,60.27,0,0.00
918,"SET OF 6 VINTAGE NOTELETS KIT",2254,2245.46,0,0.00
917,"SET OF 12  VINTAGE POSTCARD SET",8731,6886.89,0,0.00
157,"RED RETROSPOT UMBRELLA",7783,45343.97,0,0.00
287,"72 SWEETHEART FAIRY CAKE CASES",53605,26315.72,0,0.00
319,"ROTATING SILVER ANGELS T-LIGHT HLDR",38598,107676.67,0,0.00
916,"CHERRY BLOSSOM  DECORATIVE FLASK",1527,6348.25,0,0.00
915,"PINK/PURPLE RETRO RADIO",890,2544.70,0,0.00
710,"PINK HEART SHAPE EGG FRYING PAN",13190,19380.46,0,0.00
429,"CHARLIE + LOLA RED HOT WATER BOTTLE",3868,10106.89,0,0.00
914,"CHARLIE+LOLA PINK HOT WATER BOTTLE",4097,13850.83,0,0.00
913,"CHARLIE LOLA BLUE HOT WATER BOTTLE ",1231,5890.96,0,0.00
912,"CHARLIE+LOLA RED HOT WATER BOTTLE ",1752,8034.13,0,0.00
4,"KNITTED UNION FLAG HOT WATER BOTTLE",13559,65802.21,0,0.00
5,"RED WOOLLY HOTTIE WHITE HEART.",19884,91747.80,0,0.00
911,"METAL SIGN CUPCAKE SINGLE HOOK",2792,2152.00,0,0.00
910,"METAL SIGN,CUPCAKE SINGLE HOOK",2174,1833.14,0,0.00
909,"METAL SIGN,CUPCAKE SINGLE HOOK",2355,2051.99,0,0.00
908,"HOT BATHS METAL SIGN",29270,68305.94,0,0.00
237,"BATHROOM METAL SIGN",23598,13939.38,0,0.00
238,"KITCHEN METAL SIGN",8272,4894.86,0,0.00
907,"LAUNDRY 15C METAL SIGN",11707,18225.49,0,0.00
140,"CHILLI LIGHTS",41826,219220.82,0,0.00
906,"TUMBLER, NEW ENGLAND",5637,2956.04,0,0.00
3167,"TUMBLER NEW ENGLAND",5637,2956.04,0,0.00
905,"TUMBLER, BAROQUE",2349,1423.00,0,0.00
3159,"TUMBLER BAROQUE",2349,1423.00,0,0.00
728,"SET OF 2 CHRISTMAS DECOUPAGE CANDLE",4870,4960.68,0,0.00
904,"SET/3 CHRISTMAS DECOUPAGE CANDLES",3655,4128.53,0,0.00
903,"SET/3 VANILLA SCENTED CANDLE IN BOX",2915,12801.19,0,0.00
902,"SET/3 OCEAN SCENT CANDLE JEWEL BOX",1611,7489.45,0,0.00
901,"SET/3 ROSE CANDLE IN JEWELLED BOX",1611,7689.97,0,0.00
900,"IVORY PILLAR CANDLE GOLD FLOCK",584,1708.94,0,0.00
899,"IVORY PILLAR CANDLE SILVER FLOCK",1813,3695.33,0,0.00
898,"SET OF 6 HALLOWEEN GHOST T-LIGHTS",2774,1276.38,0,0.00
897,"HANGING JAM JAR T-LIGHT HOLDER",54668,43621.88,0,0.00
3689,"HANGING JAM JAR T-LIGHT HOLDERS",54668,43621.88,0,0.00
2,"WHITE METAL LANTERN",7928,34212.80,0,0.00
4021,"WHITE MOROCCAN METAL LANTERN",7928,34212.80,0,0.00
545,"HI TEC ALPINE HAND WARMER",3399,3898.58,0,0.00
896,"DOORMAT WELCOME PUPPIES",8262,48488.74,0,0.00
895,"SCOTTIE DOGS BABY BIB",7980,3811.64,0,0.00
894,"PINK FAIRY CAKE CHILDRENS APRON",13473,27142.67,0,0.00
893,"SCOTTIES CHILDRENS APRON",868,1442.14,0,0.00
98,"TEA TIME DES TEA COSY",1564,4503.35,0,0.00
892,"TEA TIME OVEN GLOVE",8752,11763.27,0,0.00
891,"CONDIMENT TRAY 4 BOWLS AND 4 SPOONS",149,1614.76,0,0.00
890,"CERAMIC CAKE STAND + HANGING CAKES",2277,20717.59,0,0.00
49,"RETRO COFFEE MUGS ASSORTED",10504,15711.60,0,0.00
889,"ROSE FOLKART HEART DECORATIONS",1849,2406.23,0,0.00
888,"FOLKART ZINC HEART CHRISTMAS DEC",12039,10615.38,0,0.00
887,"SMALLFOLKART BAUBLE CHRISTMAS DEC",2933,1531.94,0,0.00
886,"ACRYLIC JEWEL ICICLE, PINK",1065,431.24,0,0.00
885,"PINK CHRISTMAS FLOCK DROPLET ",41,62.59,0,0.00
884,"PINK AND WHITE CHRISTMAS TREE 120CM",806,2224.10,0,0.00
883,"PINK/WHITE CHRISTMAS TREE 60CM",2763,1995.17,0,0.00
882,"SET OF 3 BIRD LIGHT PINK FEATHER ",7455,3952.07,0,0.00
881,"RED VICTORIAN FABRIC OVAL BOX",3449,1409.84,0,0.00
880,"BLUE VICTORIAN FABRIC OVAL BOX",3703,1556.80,0,0.00
389,"SOLDIERS EGG CUP ",36700,43958.36,0,0.00
879,"CIRCUS PARADE CHILDRENS EGG CUP ",4420,5757.34,0,0.00
325,"SPACEBOY CHILDRENS EGG CUP",4860,6558.56,0,0.00
648,"CHILDRENS DOLLY GIRL MUG",6474,11060.90,0,0.00
326,"CHILDREN'S SPACEBOY MUG",7253,12399.56,0,0.00
1123,"CHILDRENS SPACEBOY MUG",7253,12399.56,0,0.00
149,"HOMEMADE JAM SCENTED CANDLES",50486,75673.20,0,0.00
706,"GINGERBREAD MAN COOKIE CUTTER",29884,36968.64,0,0.00
165,"JAM JAR WITH GREEN LID",13322,11248.28,0,0.00
2570,"JAM JAR WITH BLUE LID",13322,11248.28,0,0.00
164,"JAM JAR WITH PINK LID",15774,13314.18,0,0.00
79,"JAM MAKING SET PRINTED",66051,103258.83,0,0.00
22,"JAM MAKING SET WITH JARS",34955,149098.91,0,0.00
513,"36 FOIL HEART CAKE CASES",8250,16035.43,0,0.00
391,"60 CAKE CASES VINTAGE CHRISTMAS",64729,38386.81,0,0.00
2081,"72 CAKE CASES VINTAGE CHRISTMAS",64729,38386.81,0,0.00
416,"60 CAKE CASES DOLLY GIRL DESIGN",30090,16055.75,0,0.00
878,"36 DOILIES DOLLY GIRL",3874,5745.76,0,0.00
3967,"SET OF 36 DOLLY GIRL PAPER DOILIES",3874,5745.76,0,0.00
877,"METAL DECORATION NAUGHTY CHILDREN ",6433,6474.21,0,0.00
499,"CHRISTMAS METAL TAGS ASSORTED ",12124,12202.19,0,0.00
366,"FELTCRAFT CHRISTMAS FAIRY",7824,32279.10,0,0.00
876,"YELLOW GIANT GARDEN THERMOMETER",1157,8010.67,0,0.00
574,"HERB MARKER CHIVES ",6894,4745.00,0,0.00
573,"HERB MARKER BASIL",13731,8640.73,0,0.00
571,"HERB MARKER MINT",7038,4906.36,0,0.00
575,"HERB MARKER PARSLEY",7518,5130.72,0,0.00
572,"HERB MARKER ROSEMARY",7797,5394.75,0,0.00
576,"HERB MARKER THYME",7653,5280.31,0,0.00
168,"PAPER CHAIN KIT VINTAGE CHRISTMAS",42936,133032.38,0,0.00
394,"SET OF 20 VINTAGE CHRISTMAS NAPKINS",36263,32459.43,0,0.00
569,"12 MESSAGE CARDS WITH ENVELOPES",6979,11881.00,0,0.00
41," SET 2 TEA TOWELS I LOVE LONDON ",19754,60148.62,0,0.00
3401,"SET 2 TEA TOWELS I LOVE LONDON ",19754,60148.62,0,0.00
412,"CHILDREN'S APRON DOLLY GIRL ",8302,17370.87,0,0.00
875,"NUMBER TILE COTTAGE GARDEN 8",246,561.40,0,0.00
202,"HAND WARMER BIRD DESIGN",26414,57719.33,0,0.00
191,"HAND WARMER OWL DESIGN",34638,72981.22,0,0.00
873,"BREAD BIN DINER STYLE IVORY",3629,57718.96,0,0.00
1960,"BREAD BIN, DINER STYLE, IVORY",3629,57718.96,0,0.00
269,"HOT WATER BOTTLE BABUSHKA ",4938,23770.17,0,0.00
2703,"HOT WATER BOTTLE BABUSHKA LARGE",4938,23770.17,0,0.00
212,"HOT WATER BOTTLE I AM SO POORLY",13970,72658.11,0,0.00
871,"CREAM WALL PLANTER HEART SHAPED",1742,10397.27,0,0.00
870,"CARD CHRISTMAS VILLAGE",14779,6308.35,0,0.00
869,"CARD MOTORBIKE SANTA",16242,6893.10,0,0.00
299,"PACK 3 BOXES BIRD PANNETONE ",9547,18689.47,0,0.00
4013,"PACK 3 BOXES BIRD PANETTONE ",9547,18689.47,0,0.00
318,"PACK 3 BOXES CHRISTMAS PANNETONE",7004,14684.33,0,0.00
4011,"PACK 3 BOXES CHRISTMAS PANETTONE",7004,14684.33,0,0.00
116,"ANTIQUE GLASS DRESSING TABLE POT",7233,22380.95,0,0.00
868,"FLUTED ANTIQUE CANDLE HOLDER",11267,10604.53,0,0.00
741,"T-LIGHT GLASS FLUTED ANTIQUE",32310,40097.04,0,0.00
867,"CHALKBOARD KITCHEN ORGANISER",45,1517.94,0,0.00
560,"TRAY, BREAKFAST IN BED",1104,14056.66,0,0.00
367,"SET OF 3 NOTEBOOKS IN PARCEL",21860,36333.41,0,0.00
866,"LARGE PURPLE BABUSHKA NOTEBOOK  ",4797,4467.29,0,0.00
865,"LARGE RED BABUSHKA NOTEBOOK ",4394,4689.76,0,0.00
864,"SMALL PURPLE BABUSHKA NOTEBOOK ",6778,4780.58,0,0.00
12,"POPPY'S PLAYHOUSE KITCHEN",8567,19737.55,0,0.00
11,"POPPY'S PLAYHOUSE BEDROOM ",8181,18859.30,0,0.00
492,"MAKE YOUR OWN MONSOON CARD KIT",3502,8434.02,0,0.00
863,"FUNKY DIVA PEN",34199,29473.70,0,0.00
719,"POLKADOT PEN",27525,23318.46,0,0.00
392,"RIBBON REEL CHRISTMAS SOCK BAUBLE",7399,14477.58,0,0.00
393,"RIBBON REEL SNOWY VILLAGE",8848,15589.75,0,0.00
490,"RIBBON REEL CHRISTMAS PRESENT ",5615,10899.34,0,0.00
862,"SET OF 6 RIBBONS VINTAGE CHRISTMAS",13078,42588.53,0,0.00
200,"ALARM CLOCK BAKELIKE IVORY",11647,46218.72,0,0.00
201,"ALARM CLOCK BAKELIKE ORANGE",9353,36517.01,0,0.00
27,"ALARM CLOCK BAKELIKE PINK",21560,83228.24,0,0.00
28,"ALARM CLOCK BAKELIKE RED ",31488,123681.38,0,0.00
110,"GUMBALL MONOCHROME COAT RACK",2518,3624.80,0,0.00
619,"ROSES REGENCY TEACUP AND SAUCER ",39621,116724.83,0,0.00
624,"GREEN REGENCY TEACUP AND SAUCER",29354,91799.58,0,0.00
397,"WICKER WREATH SMALL",2985,4040.23,0,0.00
401,"WICKER STAR ",7460,17231.73,0,0.00
861,"FRENCH KITCHEN SIGN BLUE METAL",4975,6243.17,0,0.00
860,"RED BABY BUNTING ",4533,14321.63,0,0.00
713,"RECIPE BOX PANTRY YELLOW DESIGN",33220,105303.16,0,0.00
714,"RECIPE BOX BLUE SKETCHBOOK DESIGN",6096,20886.40,0,0.00
329,"TOY TIDY DOLLY GIRL DESIGN",2862,5929.28,0,0.00
137,"LUNCH BAG DOLLY GIRL DESIGN",26954,44463.14,0,0.00
175,"DELUXE SEWING KIT ",5725,40119.72,0,0.00
536,"GENTLEMAN SHIRT REPAIR KIT ",8685,7375.02,0,0.00
106,"CERAMIC STRAWBERRY CAKE MONEY BANK",16870,23054.33,0,0.00
446,"CERAMIC HEART FAIRY CAKE MONEY BANK",9513,19063.90,0,0.00
101,"CERAMIC CHERRY CAKE MONEY BANK",8927,12066.54,0,0.00
859,"SET OF 4 NAPKIN CHARMS HEARTS",3231,7771.20,0,0.00
655,"CHILDS BREAKFAST SET DOLLY GIRL ",2744,25858.75,0,0.00
9,"HAND WARMER RED POLKA DOT",18394,36987.07,0,0.00
192,"HAND WARMER RED RETROSPOT",18394,36987.07,0,0.00
36,"SPACEBOY LUNCH BOX ",57240,103331.48,0,0.00
635,"RED KITCHEN SCALES",6540,56898.16,0,0.00
321,"4 TRADITIONAL SPINNING TOPS",19650,27267.98,0,0.00
410,"PACK OF 12 LONDON TISSUES ",105269,32136.77,0,0.00
702,"PACK OF 12 SPACEBOY TISSUES",12209,4121.33,0,0.00
858,"WOODEN CROQUET GARDEN SET",3131,45160.23,0,0.00
506,"CHRISTMAS RETROSPOT TREE WOOD",5583,4976.94,0,0.00
747,"CHRISTMAS RETROSPOT ANGEL WOOD",10000,8958.01,0,0.00
748,"CHRISTMAS RETROSPOT STAR WOOD",6840,6224.25,0,0.00
407,"CHRISTMAS GINGHAM HEART",27488,23149.34,0,0.00
2912,"GINGHAM HEART DECORATION",27488,23149.34,0,0.00
857,"CARDHOLDER GINGHAM STAR",1532,4909.65,0,0.00
558,"CARD HOLDER GINGHAM HEART",2779,8711.43,0,0.00
581,"PACK OF 6 HANDBAG GIFT BOXES",2306,6322.32,0,0.00
514,"PACK OF 6 SWEETIE GIFT BOXES",4254,10630.43,0,0.00
398,"ADVENT CALENDAR GINGHAM SACK",5258,27505.66,0,0.00
749,"HEART WOODEN CHRISTMAS DECORATION",9563,8998.76,0,0.00
504,"STAR WOODEN CHRISTMAS DECORATION",10862,9807.20,0,0.00
529,"ROCKING HORSE RED CHRISTMAS ",9925,8897.38,0,0.00
381,"FELTCRAFT CUSHION BUTTERFLY",11134,40830.17,0,0.00
856,"TRADITIONAL MODELLING CLAY",32729,38484.31,0,0.00
194,"CLOTHES PEGS RETROSPOT PACK 24 ",34965,53670.01,0,0.00
689,"PLASTERS IN TIN STRONGMAN",24308,39816.35,0,0.00
315,"PLASTERS IN TIN SKULLS",17178,28887.80,0,0.00
855,"HOLIDAY FUN LUDO",4657,16821.05,0,0.00
221,"PICTURE DOMINOES",12869,19370.81,0,0.00
626,"HEADS AND TAILS SPORTING FUN",7938,9444.52,0,0.00
854,"MINI JIGSAW BUNNIES",4574,1746.06,0,0.00
43,"MINI JIGSAW CIRCUS PARADE ",10151,3876.23,0,0.00
692,"MINI JIGSAW DOLLY GIRL",11739,4548.00,0,0.00
338,"MAGIC DRAWING SLATE CIRCUS PARADE  ",13625,5695.54,0,0.00
428,"MAGIC DRAWING SLATE DOLLY GIRL ",14695,6140.09,0,0.00
853,"CHILDS GARDEN BRUSH PINK",1651,3643.81,0,0.00
852,"CHILDS GARDEN RAKE PINK",825,1853.53,0,0.00
851,"CHILDS GARDEN SPADE PINK",1066,2444.22,0,0.00
850,"SET OF 2 TINS VINTAGE BATHROOM ",905,4618.73,0,0.00
718,"EMERGENCY FIRST AID TIN ",4389,6337.85,0,0.00
694,"PACK OF 12 TRADITIONAL CRAYONS",38948,16320.05,0,0.00
663,"WHITE WOOD GARDEN PLANT LADDER",3145,31747.53,0,0.00
849,"DAISY GARDEN MARKER",4560,6640.54,0,0.00
848,"BIRDHOUSE GARDEN MARKER ",6176,8878.74,0,0.00
847,"WATERING CAN GARDEN MARKER",5513,7945.37,0,0.00
846,"EMPIRE UNION JACK TV DINNER TRAY",3531,11423.43,0,0.00
845,"TV DINNER TRAY AIR HOSTESS ",1688,6079.62,0,0.00
127,"HEART OF WICKER LARGE",39729,120928.15,0,0.00
126,"HEART OF WICKER SMALL",72170,128993.94,0,0.00
125,"NATURAL SLATE HEART CHALKBOARD ",36801,112987.35,0,0.00
220,"SILK PURSE BABUSHKA RED",922,3227.36,0,0.00
687,"GROW YOUR OWN PLANT IN A CAN ",3482,4578.30,0,0.00
844,"SET OF 9 BLACK SKULL BALLOONS",11345,9697.82,0,0.00
843,"WATERING CAN PINK BUNNY",6894,13432.04,0,0.00
842,"ENAMEL WATERING CAN CREAM",2492,13089.38,0,0.00
530,"REGENCY CAKESTAND 3 TIER",56135,705618.66,0,0.00
841,"TOOTHPASTE TUBE PEN",5116,3123.78,0,0.00
840,"LIPSTICK PEN RED",13442,6737.94,0,0.00
301,"10 COLOUR SPACEBOY PEN",26497,22559.89,0,0.00
839,"MAGNETS PACK OF 4 RETRO PHOTO",4931,2543.99,0,0.00
838,"PAPERWEIGHT KINGS CHOICE ",673,927.78,0,0.00
262,"LUNCH BAG PINK POLKADOT",42184,69936.45,0,0.00
288,"LUNCH BAG SUKI  DESIGN ",50372,90446.33,0,0.00
3022,"LUNCH BAG SUKI DESIGN ",50372,90446.33,0,0.00
837,"TOY TIDY SPACEBOY  ",5275,11324.87,0,0.00
114,"RECYCLING BAG RETROSPOT ",27730,62789.36,0,0.00
836,"WALL TIDY RETROSPOT ",9159,14626.19,0,0.00
540,"AIRLINE BAG VINTAGE JET SET WHITE",1027,4626.21,0,0.00
835,"AIRLINE BAG VINTAGE JET SET BROWN",1400,6582.60,0,0.00
313,"AIRLINE BAG VINTAGE TOKYO 78",4382,20480.32,0,0.00
413,"CHILDRENS APRON SPACEBOY DESIGN",15064,30205.65,0,0.00
834,"GLASS JAR DAISY FRESH COTTON WOOL",2920,10413.60,0,0.00
664,"GLASS JAR ENGLISH CONFECTIONERY",4070,12871.62,0,0.00
833,"GLASS JAR KINGS CHOICE",739,2449.65,0,0.00
441,"KINGS CHOICE BISCUIT TIN",1883,8751.13,0,0.00
832,"CHARLOTTE BAG PINK POLKADOT",38986,45868.92,0,0.00
764,"CHARLOTTE BAG SUKI DESIGN",72915,117548.02,0,0.00
831,"TEA BAG PLATE RED RETROSPOT",16377,14376.92,0,0.00
830,"PARTY PIZZA DISH BLUE POLKADOT",4481,1600.14,0,0.00
829,"DOVE DECORATION PAINTED ZINC ",9565,3044.76,0,0.00
828,"HEART DECORATION PAINTED ZINC ",9587,6721.63,0,0.00
146,"FIVE HEART HANGING DECORATION",1874,6246.14,0,0.00
827,"OFFICE MUG WARMER CHOC+BLUE",2300,7104.36,0,0.00
14,"IVORY KNITTED MUG COSY ",2701,5261.84,0,0.00
826,"TEA COSY RED  STRIPE",1483,4389.58,0,0.00
825,"COFFEE MUG CAT + BIRD DESIGN",8942,20251.99,0,0.00
824,"COFFEE MUG DOG + BALL DESIGN",6204,13881.48,0,0.00
823,"PIG KEYRING WITH LIGHT & SOUND ",5542,5582.90,0,0.00
270,"HEART IVORY TRELLIS SMALL",16774,21990.92,0,0.00
291,"HEART IVORY TRELLIS LARGE",12691,21208.74,0,0.00
459,"HEART FILIGREE DOVE  SMALL",22278,27792.90,0,0.00
822,"WASH BAG VINTAGE ROSE PAISLEY",1206,3506.34,0,0.00
821,"EASTER DECORATION NATURAL CHICK",2162,1467.16,0,0.00
128,"WHITE LOVEBIRD LANTERN",3351,11109.37,0,0.00
309,"LOVEBIRD HANGING DECORATION WHITE ",16608,16204.38,0,0.00
820,"FRYING PAN UNION FLAG",5389,23573.71,0,0.00
819,"MILK PAN RED RETROSPOT",1613,5940.14,0,0.00
171,"LARGE POPCORN HOLDER ",4283,7799.53,0,0.00
170,"SMALL POPCORN HOLDER",228105,205824.92,0,0.00
3448,"POPCORN HOLDER",228105,205824.92,0,0.00
163,"SMALL HEART MEASURING SPOONS",11447,11071.65,0,0.00
162,"LARGE HEART MEASURING SPOONS",7958,14990.55,0,0.00
818,"LOCAL CAFE MUG",2715,4256.81,0,0.00
130,"CREAM HEART CARD HOLDER",33259,94193.33,0,0.00
672,"SLATE TILE NATURAL HANGING",6046,9177.37,0,0.00
817,"CAKE STAND VICTORIAN FILIGREE SMALL",1501,5742.97,0,0.00
302,"VICTORIAN GLASS HANGING T-LIGHT",97323,132929.73,0,0.00
178,"PHOTO CUBE",13053,24254.29,0,0.00
816,"FAMILY ALBUM WHITE PICTURE FRAME",4816,41624.40,0,0.00
815,"HEART GARLAND RUSTIC PADDED",1066,3398.15,0,0.00
814,"HEART DECORATION RUSTIC HANGING ",20395,6619.63,0,0.00
813,"HEART DECORATION WITH PEARLS ",8803,8471.91,0,0.00
812,"STAR DECORATION RUSTIC",9892,4572.30,0,0.00
811,"ANGEL DECORATION 3 BUTTONS ",15106,6620.24,0,0.00
355,"ANGEL DECORATION STARS ON DRESS",10620,4540.79,0,0.00
403,"FELTCRAFT 6 FLOWER FRIENDS",24374,49662.06,0,0.00
374,"CHRISTMAS CRAFT LITTLE FRIENDS",16397,38911.82,0,0.00
373,"CHRISTMAS CRAFT TREE TOP ANGEL",11235,26027.47,0,0.00
810,"LADLE LOVE HEART PINK",2283,1300.12,0,0.00
2673,"MINI LADLE LOVE HEART PINK",2283,1300.12,0,0.00
809,"LADLE LOVE HEART RED ",3565,1681.93,0,0.00
2734,"MINI LADLE LOVE HEART RED ",3565,1681.93,0,0.00
400,"PARTY CONE CHRISTMAS DECORATION ",9200,10751.96,0,0.00
442,"METAL SIGN EMPIRE TEA",6210,8130.86,0,0.00
58,"HOT WATER BOTTLE TEA AND SYMPATHY",23229,133377.22,0,0.00
213,"CHOCOLATE HOT WATER BOTTLE",24302,132703.65,0,0.00
215,"SCOTTIE DOG HOT WATER BOTTLE",18835,98996.53,0,0.00
216,"BIRD HOUSE HOT WATER BOTTLE",4730,19867.20,0,0.00
561,"PIZZA PLATE IN BOX",2392,8699.98,0,0.00
218,"SKULLS SQUARE TISSUE BOX",3036,1438.36,0,0.00
703,"LADS ONLY TISSUE BOX",6942,6871.66,0,0.00
808,"PAPER BUNTING RETROSPOT",30300,91299.56,0,0.00
535,"PAPER BUNTING WHITE LACE",16368,47614.24,0,0.00
47,"PAPER CHAIN KIT 50'S CHRISTMAS ",78096,262213.08,0,0.00
96,"PAPER CHAIN KIT RETROSPOT",18713,56913.11,0,0.00
517,"RIBBON REEL STRIPES DESIGN ",10895,18954.22,0,0.00
807,"RIBBON REEL FLORA + FAUNA ",2622,4790.45,0,0.00
806,"RIBBON REEL POLKADOTS ",4907,8155.14,0,0.00
370,"6 RIBBONS RUSTIC CHARM",36908,69174.22,0,0.00
805,"6 RIBBONS EMPIRE  ",5047,6695.65,0,0.00
347,"6 RIBBONS ELEGANT CHRISTMAS ",7307,10187.46,0,0.00
804,"SMALL WHITE RETROSPOT MUG IN BOX ",2928,5586.07,0,0.00
803,"BROWN  PIRATE TREASURE CHEST ",1669,4005.70,0,0.00
251,"BLACK PIRATE TREASURE CHEST",2127,3460.18,0,0.00
802,"CHOC TRUFFLE GOLD TRINKET POT ",1674,2627.20,0,0.00
801,"CHRISTMAS PUDDING TRINKET POT ",27072,13985.74,0,0.00
210,"PINK DOUGHNUT TRINKET POT ",6964,10276.13,0,0.00
800,"CHRISTMAS CARD SCREEN PRINT ",4965,1223.47,0,0.00
799,"ROBOT BIRTHDAY CARD",15945,6877.89,0,0.00
798,"FLORAL FOLK STATIONERY SET",7793,13509.59,0,0.00
496,"VINTAGE PAISLEY STATIONERY SET",7701,14244.31,0,0.00
797,"BOHEMIAN COLLAGE STATIONERY SET",2547,4341.29,0,0.00
796,"MODERN FLORAL STATIONERY SET",6730,11560.02,0,0.00
697,"PACK OF 12 SUKI TISSUES ",30606,9265.18,0,0.00
72,"PACK OF 60 PINK PAISLEY CAKE CASES",99822,49204.65,0,0.00
71,"PACK OF 60 DINOSAUR CAKE CASES",49495,24554.65,0,0.00
795,"SET OF 6 STRAWBERRY CHOPSTICKS",3212,4232.80,0,0.00
794,"KITTENS DESIGN FLANNEL",1351,1245.74,0,0.00
793,"SKULLS DESIGN FLANNEL",1154,1262.00,0,0.00
792,"SUKI  SHOULDER BAG",13590,25235.25,0,0.00
775,"JUMBO BAG SCANDINAVIAN PAISLEY",42118,85008.79,0,0.00
3023,"JUMBO BAG SCANDINAVIAN BLUE PAISLEY",42118,85008.79,0,0.00
791,"UNION STRIPE WITH FRINGE  HAMMOCK",3601,27867.05,0,0.00
296,"RED  HARMONICA IN BOX ",89392,107144.14,0,0.00
297,"BLUE HARMONICA IN BOX ",31705,41618.05,0,0.00
42,"VINTAGE SEASIDE JIGSAW PUZZLES",1611,6338.44,0,0.00
112,"VINTAGE SNAKES & LADDERS",7191,28390.27,0,0.00
790,"GARDEN METAL SIGN ",471,841.01,0,0.00
544,"POTTING SHED SEED ENVELOPES",2392,3639.58,0,0.00
434,"TRADITIONAL WOODEN CATCH CUP GAME ",12859,17388.69,0,0.00
182,"WOODEN BOX OF DOMINOES",25717,35595.49,0,0.00
789,"BINGO SET",6779,26747.15,0,0.00
788,"CAKES AND BOWS GIFT  TAPE",4667,1659.01,0,0.00
787,"HEARTS GIFT TAPE",4714,1550.40,0,0.00
707,"GIN AND TONIC MUG",11964,16658.16,0,0.00
50,"SAVE THE PLANET MUG",21920,26855.76,0,0.00
709,"I CAN ONLY PLEASE ONE PERSON MUG",5718,7524.67,0,0.00
786,"LILAC DIAMANTE PEN IN GIFT BOX",569,1841.75,0,0.00
206,"RED RETROSPOT MUG",7424,20800.64,0,0.00
354,"PAINTED METAL HEART WITH HOLLY BELL",5502,3436.52,0,0.00
785,"GLITTER CHRISTMAS TREE WITH BELLS",2961,3041.97,0,0.00
784,"GLITTER STAR GARLAND WITH BELLS ",1007,4167.19,0,0.00
339,"CHRISTMAS HANGING HEART WITH BELL",19450,10793.36,0,0.00
2933,"HANGING HEART WITH BELL",19450,10793.36,0,0.00
607,"CHRISTMAS HANGING STAR WITH BELL",23807,12129.95,0,0.00
783,"CHRISTMAS HANGING TREE WITH BELL",7874,4493.26,0,0.00
782,"CHRISTMAS TREE STAR DECORATION",9693,4183.02,0,0.00
781,"CHRISTMAS TREE HEART DECORATION",8601,3724.36,0,0.00
780,"CHRISTMAS TREE DECORATION WITH BELL",5120,2170.04,0,0.00
33,"VINTAGE HEADS AND TAILS CARD GAME ",31965,42624.15,0,0.00
402,"VINTAGE SNAP CARDS",58412,50318.75,0,0.00
779,"RAIN PONCHO RETROSPOT",35540,28680.02,0,0.00
174,"POLKADOT RAIN HAT ",7996,3764.91,0,0.00
778,"DECORATIVE CATS BATHROOM BOTTLE",4402,4649.70,0,0.00
777,"DECORATIVE ROSE BATHROOM BOTTLE",4685,4629.23,0,0.00
311,"CARD CIRCUS PARADE",12889,5479.34,0,0.00
1045,"LITTLE GREEN MONSTER SOFT TOY",86,219.30,0,0.00
1068,"FAUX FUR CHOCOLATE THROW",361,6158.31,0,0.00
1325,"RED RETROSPOT PURSE ",1866,6249.98,0,0.00
1324,"PIN CUSHION BABUSHKA PINK",1762,4560.82,0,0.00
1323,"PIN CUSHION BABUSHKA BLUE",551,1653.29,0,0.00
1322,"PIN CUSHION BABUSHKA RED",807,2635.77,0,0.00
263,"GUMBALL COAT RACK",32008,75926.30,0,0.00
1209,"DIAMANTE HEART SHAPED WALL MIRROR, ",1664,13362.07,0,0.00
56,"WOODEN FRAME ANTIQUE WHITE ",28230,87984.58,0,0.00
289,"LUNCH BAG CARS BLUE",47432,87273.58,0,0.00
1321,"WHITE STITCHED CUSHION COVER",239,1725.37,0,0.00
324,"SQUARECUSHION COVER PINK UNION FLAG",992,4441.51,0,0.00
3185,"SQUARECUSHION COVER PINK UNION JACK",992,4441.51,0,0.00
1320,"PINK FLORAL FELTCRAFT SHOULDER BAG",4496,17052.39,0,0.00
1136,"LETTER "S" BLING KEY RING",378,286.10,0,0.00
1319,"LETTER "E" BLING KEY RING",291,215.35,0,0.00
1318,"LETTER "A" BLING KEY RING",523,449.19,0,0.00
1317,"DIAMOND LAS VEGAS NECKLACE 45CM",49,289.82,0,0.00
1316,"PINK ENAMEL+GLASS HAIR COMB",1055,1928.33,0,0.00
1315,"CRYSTAL DIAMANTE STAR BROOCH",185,923.81,0,0.00
1314,"JADE DROP EARRINGS W FILIGREE",169,841.49,0,0.00
1313,"AMETHYST GLASS/SHELL/PEARL NECKLACE",61,559.86,0,0.00
1312,"DROP DIAMANTE EARRINGS GREEN",57,167.28,0,0.00
1311,"DROP DIAMANTE EARRINGS CRYSTAL",106,310.83,0,0.00
1310,"PAIR BUTTERFLY HAIR CLIPS",129,485.17,0,0.00
1309,"PINK & WHITE ROSEBUD RING",85,356.40,0,0.00
1308,"ANT COPPER TURQ BOUDICCA BRACELET",306,1521.70,0,0.00
1307,"WHITE/PINK MINI CRYSTALS NECKLACE",41,215.19,0,0.00
1306,"OLD ROSE COMBO BEAD NECKLACE",217,632.96,0,0.00
1305,"BLUE MURANO TWIST NECKLACE",49,489.73,0,0.00
1304,"BLACK DIAMOND CLUSTER EARRINGS",13,38.24,0,0.00
1303,"CRACKED GLAZE EARRINGS RED",38,95.41,0,0.00
1302,"CRACKED GLAZE NECKLACE RED",42,294.81,0,0.00
1301,"MURANO STYLE GLASS BRACELET BLACK",73,270.61,0,0.00
1300,"FLOWER GLASS GARLD NECKL36"TURQUOIS",33,264.39,0,0.00
1299,"NEW BAROQUE B'FLY NECKLACE GREEN",17,143.73,0,0.00
1298,"GOLD M.O.P ORBIT BRACELET",73,391.59,0,0.00
1297,"GOLD M.O.P ORBIT DROP EARRINGS",89,373.36,0,0.00
1296,"BLACK VINTAGE EARRINGS",145,601.88,0,0.00
1295,"SET/3 DECOUPAGE STACKING TINS",777,4000.05,0,0.00
1294,"SET OF 6 3D KIT CARDS FOR KIDS",6004,5524.06,0,0.00
1293,"MINI PAINTED GARDEN DECORATION ",9908,3052.24,0,0.00
750,"LARGE HANGING IVORY & RED WOOD BIRD",3955,2684.90,0,0.00
1292,"SET/6 PINK BIRD T-LIGHT CANDLES",1805,3192.17,0,0.00
234,"LADIES & GENTLEMEN METAL SIGN",16188,37643.25,0,0.00
771,"RED SHARK HELICOPTER",213,1724.99,0,0.00
770,"YELLOW SHARK HELICOPTER",295,2378.65,0,0.00
1291,"BEADED CRYSTAL HEART PINK ON STICK",3404,2904.44,0,0.00
647,"RED ENCHANTED FOREST PLACEMAT",2723,5841.09,0,0.00
1290,"BLACK ENCHANTED FOREST PLACEMAT",2916,5255.08,0,0.00
356,"JUMBO BAG STRAWBERRY",69347,131367.79,0,0.00
1289,"FRENCH ENAMEL CANDLEHOLDER",6805,14669.37,0,0.00
135,"TRADITIONAL CHRISTMAS RIBBONS",13086,18779.44,0,0.00
1288,"SET/4 BLUE FLOWER CANDLES IN BOWL",550,924.60,0,0.00
1287,"SET OF 3 CONEY ISLAND OVAL BOXES",53,274.65,0,0.00
1286,"RECTANGULAR SHAPED MIRROR",2049,1787.96,0,0.00
97,"SMALL HEART FLOWERS HOOK ",7189,6289.91,0,0.00
167,"HANGING HEART ZINC T-LIGHT HOLDER",36762,32817.10,0,0.00
303,"SINGLE HEART ZINC T-LIGHT HOLDER",25159,27439.67,0,0.00
15,"BOX OF 6 ASSORTED COLOUR TEASPOONS",2244,9621.74,0,0.00
1285,"ASSORTED COLOUR T-LIGHT HOLDER",16366,10240.34,0,0.00
1284,"HAND TOWEL PINK FLOWER AND DAISY",870,1497.74,0,0.00
10,"ASSORTED COLOUR BIRD ORNAMENT",146708,237787.08,0,0.00
1283,"LARGE TAHITI BEACH BAG",9,83.15,0,0.00
1282,"JUNGLE POPSICLES ICE LOLLY HOLDERS",4414,6170.46,0,0.00
3113,"JUNGLE POPSICLES ICE LOLLY MOULDS",4414,6170.46,0,0.00
122,"COLOUR GLASS T-LIGHT HOLDER HANGING",65936,42166.48,0,0.00
473,"S/15 SILVER GLASS BAUBLES IN BAG",2295,2983.35,0,0.00
1281,"GRASS HOPPER WOODEN WALL CLOCK ",1090,1508.30,0,0.00
1280,"WHITE TRAVEL ALARM CLOCK",1124,2715.12,0,0.00
1279,"TALL ROCOCO CANDLE HOLDER",373,3099.34,0,0.00
1278,"MIXED NUTS LIGHT GREEN BOWL",2273,1188.31,0,0.00
1277,"3D SHEET OF CAT STICKERS",1053,1034.37,0,0.00
1276,"3D SHEET OF DOG STICKERS",1720,1712.92,0,0.00
1275,"PACK 20 ENGLISH ROSE PAPER NAPKINS",2231,2047.85,0,0.00
228,"SET OF 4 ENGLISH ROSE COASTERS",5042,7105.74,0,0.00
227,"SET OF 4 ENGLISH ROSE PLACEMATS",4009,16817.84,0,0.00
1274,"YELLOW METAL CHICKEN HEART ",2885,4322.04,0,0.00
1273,"MIDNIGHT GLAMOUR SCARF KNITTING KIT",1299,2013.73,0,0.00
1272,"FANNY'S REST STOPMETAL SIGN",2068,4959.18,0,0.00
1271,"AREA PATROLLED METAL SIGN",17479,35479.28,0,0.00
481,"WASHROOM METAL SIGN",12120,18804.78,0,0.00
1079,"ART LIGHTS,FUNK MONKEY",1508,4227.72,0,0.00
1270,"CORONA MEXICAN TRAY",710,2973.72,0,0.00
752,"GRAND CHOCOLATECANDLE",24181,33269.47,0,0.00
1269,"COLUMBIAN  CUBE CANDLE ",421,236.14,0,0.00
1268,"A4 WALL TIDY BLUE OFFICE",512,329.80,0,0.00
1132,"COLOUR GLASS. STAR T-LIGHT HOLDER",27330,83557.78,0,0.00
4014,"COLOURED GLASS STAR T-LIGHT HOLDER",27330,83557.78,0,0.00
1267,"LOVE HEART POCKET WARMER",10820,7480.85,0,0.00
1070,"FEATHER PEN,COAL BLACK",10945,5746.94,0,0.00
1072,"FEATHER PEN,HOT PINK",15585,8097.18,0,0.00
307,"DOORMAT HEARTS",13754,89096.86,0,0.00
21,"DOORMAT NEW ENGLAND",15364,97507.15,0,0.00
757,"DOORMAT UNION FLAG",15085,102715.03,0,0.00
1074,"DOORMAT 3 SMILEY CATS",4727,31186.21,0,0.00
600,"PINK PARTY BAGS",9838,18629.51,0,0.00
1266,"CAROUSEL DESIGN WASHBAG",433,803.57,0,0.00
1265,"PINK HAPPY BIRTHDAY BUNTING",9375,48914.72,0,0.00
1264,"BLUE HAPPY BIRTHDAY BUNTING",7981,42087.02,0,0.00
1263,"TEA TIME KITCHEN APRON",2448,13902.77,0,0.00
1262,"TEA TIME PARTY BUNTING",10337,51840.81,0,0.00
532,"RETRO LONGBOARD IRONING BOARD COVER",1146,2220.70,0,0.00
1261,"WOVEN BERRIES CUSHION COVER ",650,2743.62,0,0.00
1260,"SUNSET COLOUR CHUNKY KNITTED THROW",241,2894.74,0,0.00
1259,"YELLOW/PINK CERAMIC CANDLE HOLDER",25,82.60,0,0.00
1258,"CERAMIC CAKE BOWL + HANGING CAKES",2875,8529.17,0,0.00
1080,"MINI CAKE STAND WITH HANGING CAKES",5511,8041.44,0,0.00
95,"PINK BREAKFAST CUP AND SAUCER ",94,181.06,0,0.00
1257,"FOLK ART METAL STAR T-LIGHT HOLDER",1967,1023.42,0,0.00
1256,"FOLKART HEART NAPKIN RINGS",1470,2224.27,0,0.00
1255,"FOLKART CLIP ON STARS",3145,1622.66,0,0.00
1254,"PINK FELT HANGING HEART W FLOWER",425,432.54,0,0.00
1253,"BLUE FELT HANGING HEART W FLOWER",365,308.38,0,0.00
3419,"BLUE FELT HANGING HEART WITH FLOWER",365,308.38,0,0.00
1252,"IVORY STRING CURTAIN WITH POLE ",681,1782.01,0,0.00
1114,"BLACK CHRISTMAS TREE 60CM",2259,1870.83,0,0.00
1251,"DOLLY GIRL CHILDRENS EGG CUP",3809,5022.95,0,0.00
641,"CHILDREN'S CIRCUS PARADE MUG",5073,8636.62,0,0.00
658,"WOODEN ADVENT CALENDAR RED",2994,35094.66,0,0.00
1104,"WOODEN ADVENT CALENDAR CREAM",1823,28341.43,0,0.00
1250,"CHRISTMAS METAL POSTCARD WITH BELLS",13525,7420.69,0,0.00
153,"CHRISTMAS LIGHTS 10 REINDEER",6751,55829.58,0,0.00
147,"ASSORTED BOTTLE TOP  MAGNETS ",12658,5655.96,0,0.00
583,"CALENDAR PAPER CUT DESIGN",7364,21966.44,0,0.00
1249,"CHILDRENS APRON APPLES DESIGN",9759,20811.31,0,0.00
1248,"OVEN MITT APPLES DESIGN",5412,8072.86,0,0.00
551,"SET OF 2 TEA TOWELS APPLE AND PEARS",8276,25485.40,0,0.00
1247,"NOVELTY BISCUITS CAKE STAND 3 TIER",1574,16108.21,0,0.00
1246,"NUMBER TILE COTTAGE GARDEN 2",377,973.17,0,0.00
1245,"SOAP DISH BROCANTE",2910,8386.18,0,0.00
1116,"FINE WICKER HEART ",10656,13309.06,0,0.00
598,"CREAM SWEETHEART EGG HOLDER",3072,14859.95,0,0.00
1244,"ROUND CAKE TIN VINTAGE GREEN",2126,16494.76,0,0.00
417,"HAND WARMER BABUSHKA DESIGN",20038,28893.19,0,0.00
1243,"WHITE BROCANTE SOAP DISH",2825,8289.51,0,0.00
695,"CARD PARTY GAMES ",8593,3588.37,0,0.00
245,"SET OF 6 T-LIGHTS SNOWMEN",3852,12318.44,0,0.00
273,"BLUE DRAWER KNOB ACRYLIC EDWARDIAN",7653,10425.41,0,0.00
734,"ANTIQUE GLASS PEDESTAL BOWL",4149,16980.92,0,0.00
733,"ANTIQUE TALL SWIRLGLASS TRINKET POT",3520,14400.70,0,0.00
1066,"SWEETHEART RECIPE BOOK STAND",4866,34481.24,0,0.00
1063,"SWEETHEART WIRE MAGAZINE RACK",1310,11195.48,0,0.00
1242,"BROCANTE COAT RACK",881,8124.22,0,0.00
735,"GUMBALL MAGAZINE RACK",2499,20886.42,0,0.00
411,"PURPLE DRAWERKNOB ACRYLIC EDWARDIAN",12996,18601.26,0,0.00
1241,"LARGE YELLOW BABUSHKA NOTEBOOK ",2398,2629.84,0,0.00
570,"SMALL RED BABUSHKA NOTEBOOK ",7835,5432.28,0,0.00
378,"FELTCRAFT PRINCESS OLIVIA DOLL",6300,23389.75,0,0.00
13,"FELTCRAFT PRINCESS CHARLOTTE DOLL",9549,37251.13,0,0.00
1240,"POPPY'S PLAYHOUSE BATHROOM",3852,8401.11,0,0.00
1239,"POPPY'S PLAYHOUSE LIVINGROOM ",5841,13065.90,0,0.00
519,"MAKE YOUR OWN PLAYTIME CARD KIT",2575,5344.65,0,0.00
498,"RIBBON REEL SOCKS AND MITTENS",3006,5595.54,0,0.00
29,"ALARM CLOCK BAKELIKE GREEN",25881,109419.51,0,0.00
537,"CARD I LOVE LONDON ",14056,5873.80,0,0.00
547,"CARD DOLLY GIRL ",17994,7396.34,0,0.00
1109,"WICKER WREATH LARGE",2958,5894.36,0,0.00
1238,"DOORMAT WELCOME TO OUR HOME",6098,46247.17,0,0.00
1057,"FRENCH BLUE METAL DOOR SIGN 3",3381,4618.75,0,0.00
1237,"FRENCH GARDEN SIGN BLUE METAL",3177,4081.83,0,0.00
1236,"PINK BABY BUNTING",8762,26853.50,0,0.00
134,"JUMBO BAG DOLLY GIRL DESIGN",13702,28262.80,0,0.00
37,"LUNCH BOX I LOVE LONDON",46542,84041.04,0,0.00
1235,"STRAWBERRY FAIRY CAKE TEAPOT",3196,16628.93,0,0.00
89,"PIGGY BANK RETROSPOT ",11117,28660.38,0,0.00
38,"CIRCUS PARADE LUNCH BOX ",14764,28912.56,0,0.00
636,"IVORY KITCHEN SCALES",7658,66568.80,0,0.00
17,"BOX OF VINTAGE ALPHABET BLOCKS",5387,55936.85,0,0.00
180,"SET OF 6 SOLDIER SKITTLES",10070,40121.60,0,0.00
1234,"CHRISTMAS RETROSPOT HEART WOOD",8922,8148.99,0,0.00
2915,"RETROSPOT WOODEN HEART DECORATION",8922,8148.99,0,0.00
419,"FELTCRAFT HAIRBAND RED AND BLUE",3703,3350.05,0,0.00
1233,"FELTCRAFT HAIRBAND PINK AND BLUE",3440,3112.61,0,0.00
645,"PACK OF 6 PANNETONE GIFT BOXES",9348,23861.75,0,0.00
4012,"PACK OF 6 PANETTONE GIFT BOXES",9348,23861.75,0,0.00
1092,"WOOD STOCKING CHRISTMAS SCANDISPOT",6311,4582.92,0,0.00
380,"FELTCRAFT CUSHION RABBIT",12424,45123.75,0,0.00
420,"FELTCRAFT HAIRBAND PINK AND PURPLE",3537,3198.18,0,0.00
421,"FELTCRAFT HAIRBANDS PINK AND WHITE ",3755,3511.04,0,0.00
693,"WOODEN SCHOOL COLOURING SET",23620,39113.19,0,0.00
423,"PLASTERS IN TIN VINTAGE PAISLEY ",18992,31288.27,0,0.00
690,"MINI JIGSAW DINOSAUR ",3261,1363.85,0,0.00
44,"MINI JIGSAW SPACEBOY",18182,6906.74,0,0.00
293,"MAGIC DRAWING SLATE DINOSAUR",7751,3391.13,0,0.00
1232,"MAGIC DRAWING SLATE PURDEY",19168,7277.67,0,0.00
426,"MAGIC DRAWING SLATE SPACEBOY ",18186,7562.40,0,0.00
448,"DOORSTOP RETROSPOT HEART",6411,26242.51,0,0.00
1231,"CABIN BAG VINTAGE PAISLEY",403,8279.71,0,0.00
597,"PICNIC BASKET WICKER LARGE",6425,77423.31,0,0.00
1230,"WOODEN UNION JACK BUNTING",8371,51217.42,0,0.00
422,"TV DINNER TRAY DOLLY GIRL",1295,6200.50,0,0.00
1229,"CAST IRON HOOK GARDEN TROWEL",1546,4080.37,0,0.00
1228,"CAST IRON HOOK GARDEN FORK",2094,5694.93,0,0.00
211,"SILK PURSE BABUSHKA PINK",2002,6466.52,0,0.00
132,"ENAMEL FIRE BUCKET CREAM",1000,7537.72,0,0.00
131,"ENAMEL FLOWER JUG CREAM",8452,50761.56,0,0.00
1227,"ENAMEL COLANDER CREAM",1844,9414.72,0,0.00
1129,"LIPSTICK PEN FUSCHIA",10410,5399.79,0,0.00
1226,"LIPSTICK PEN BABY PINK",5339,2449.43,0,0.00
240,"METAL SIGN TAKE IT OR LEAVE IT ",15133,44501.79,0,0.00
82,"JUMBO SHOPPER VINTAGE RED PAISLEY",50577,114901.07,0,0.00
1225,"MONEY BOX BISCUITS DESIGN",937,1231.39,0,0.00
1224,"MONEY BOX POCKET MONEY DESIGN",1510,1690.20,0,0.00
1223,"PAPERWEIGHT VINTAGE COLLAGE",2049,2972.98,0,0.00
60,"JUMBO BAG PINK POLKADOT",85958,169952.17,0,0.00
115,"TOY TIDY PINK POLKADOT",13819,29858.98,0,0.00
665,"GLASS JAR DIGESTIVE BISCUITS",2480,8058.40,0,0.00
69,"LUNCH BOX WITH CUTLERY RETROSPOT ",12412,31606.92,0,0.00
1222,"ILLUSTRATED CAT BOWL ",5643,15301.15,0,0.00
1221,"HOME GARLAND PAINTED ZINC ",3989,4449.68,0,0.00
1220,"WOODLAND PARTY BAG + STICKER SET",7379,11935.33,0,0.00
1219,"MOBILE VINTAGE HEARTS ",1002,4622.02,0,0.00
1218,"BLUE POLKADOT KIDS BAG",1146,2761.62,0,0.00
1217,"FIVE CATS HANGING DECORATION",1150,3542.30,0,0.00
524,"OFFICE MUG WARMER POLKADOT",2638,7978.98,0,0.00
727,"OFFICE MUG WARMER BLACK+SILVER ",4560,13721.28,0,0.00
1216,"TEA COSY BLUE STRIPE",1005,3534.82,0,0.00
1215,"COFFEE MUG BLUE PAISLEY DESIGN",3083,5515.99,0,0.00
1214,"6 EGG HOUSE PAINTED WOOD",1205,10985.45,0,0.00
1067,"OVERNIGHT BAG VINTAGE ROSE PAISLEY",1635,10922.00,0,0.00
729,"COSMETIC BAG VINTAGE ROSE PAISLEY",1708,3683.40,0,0.00
88,"FELT EGG COSY CHICKEN",4112,3821.27,0,0.00
99,"FELT EGG COSY WHITE RABBIT ",2343,2203.41,0,0.00
1146,"FELT EGG COSY BLUE RABBIT ",2215,2317.33,0,0.00
1213,"MAGIC GARDEN FELT GARLAND ",1740,3891.32,0,0.00
1760,"GARLAND, MAGIC GARDEN 1.8M",1740,3891.32,0,0.00
1212,"HOOK, 1 HANGER ,MAGIC GARDEN",5091,4318.98,0,0.00
1211,"WOOD STAMP SET THANK YOU",6075,6332.34,0,0.00
197,"BLACK HEART CARD HOLDER",19551,50206.73,0,0.00
1210,"CAKE STAND VICTORIAN FILIGREE LARGE",225,1895.91,0,0.00
340,"CAKE STAND VICTORIAN FILIGREE MED",1300,7743.36,0,0.00
399,"FELTCRAFT BUTTERFLY HEARTS",25037,34680.66,0,0.00
456,"CHRISTMAS CRAFT WHITE FAIRY ",13037,19857.72,0,0.00
1208,"SET OF 2 TEA TOWELS PING MICROWAVE",602,1241.46,0,0.00
725,"NOEL WOODEN BLOCK LETTERS ",1445,8858.87,0,0.00
235,"METAL SIGN HER DINNER IS SERVED ",5283,15597.61,0,0.00
337,"FULL ENGLISH BREAKFAST PLATE",6602,27851.82,0,0.00
1207,"EMPIRE TISSUE BOX",7967,4139.15,0,0.00
1206,"PAPER CHAIN KIT EMPIRE",20783,60583.37,0,0.00
1205,"RIBBON REEL LACE DESIGN ",5543,11835.65,0,0.00
493,"PACK OF 12 HEARTS DESIGN TISSUES ",35271,10968.75,0,0.00
705,"PACK OF 12 PINK PAISLEY TISSUES ",13944,4484.56,0,0.00
698,"PACK OF 12 WOODLAND TISSUES ",22055,6661.03,0,0.00
415,"PACK OF 60 MUSHROOM CAKE CASES",20980,11589.43,0,0.00
1204,"SET OF 36 PAISLEY FLOWER DOILIES",8885,14204.63,0,0.00
90,"SKULL SHOULDER BAG",9700,17956.07,0,0.00
77,"JUMBO STORAGE BAG SUKI",54736,123383.46,0,0.00
78,"JUMBO BAG PINK VINTAGE PAISLEY",44174,93008.66,0,0.00
1203,"CHOCOLATE THIS WAY METAL SIGN",15132,31113.90,0,0.00
1202,"PHARMACIE FIRST AID TIN",2332,17950.88,0,0.00
1201,"KEY FOB , GARAGE DESIGN",10802,7088.79,0,0.00
3543,"GARAGE KEY FOB",10802,7088.79,0,0.00
1200,"POTTING SHED TWINE",3934,9124.78,0,0.00
181,"TRADITIONAL WOODEN SKIPPING ROPE",32631,42177.83,0,0.00
1199,"KINGS CHOICE MUG",8233,9735.88,0,0.00
1198,"POTTING SHED TEA MUG",9939,13086.19,0,0.00
1197,"PINK DIAMANTE PEN IN GIFT BOX",1701,4848.93,0,0.00
768,"CAMOUFLAGE LED TORCH",11148,18755.96,0,0.00
113,"CHOCOLATE CALCULATOR",3891,7289.28,0,0.00
1196,"ASSORTED CREEPY CRAWLIES",10798,4560.59,0,0.00
1195,"GLITTER HEART GARLAND WITH BELLS ",1334,5545.25,0,0.00
1100,"GARLAND WITH STARS AND BELLS",2200,9157.34,0,0.00
1137,"KIDS RAIN MAC PINK",3715,3228.97,0,0.00
20,"RECIPE BOX WITH METAL HEART",57,453.15,0,0.00
1194,"DECORATIVE FLORE BATHROOM BOTTLE",2063,2874.97,0,0.00
26,"BATH BUILDING BLOCK WORD",3320,20530.76,0,0.00
19,"LOVE BUILDING BLOCK WORD",8173,50522.83,0,0.00
18,"HOME BUILDING BLOCK WORD",11199,68672.57,0,0.00
1193,"GAOLERS KEYS DECORATIVE GARDEN ",3782,14056.50,0,0.00
252,"STAR PORTABLE TABLE LIGHT ",1325,3895.71,0,0.00
436,"RED METAL BEACH SPADE ",5989,8476.07,0,0.00
322,"BAG 500g SWIRLY MARBLES",5857,5886.75,0,0.00
1192,"BIG DOUGHNUT FRIDGE MAGNETS",6955,9405.97,0,0.00
1191,"MOCK LOBSTER FRIDGE MAGNET",1186,660.00,0,0.00
1190,"SMALL MEDINA STAMPED METAL BOWL ",3133,2491.71,0,0.00
1189,"RED SPOT CERAMIC DRAWER KNOB",17726,24369.18,0,0.00
1188,"RIDGED GLASS POSY VASE ",877,1781.68,0,0.00
1187,"ASSORTED TUTTI FRUTTI SMALL PURSE",2951,3978.69,0,0.00
1186,"ASSORTED TUTTI FRUTTI NOTEBOOK",998,2216.26,0,0.00
1185,"Dr. Jam's Arouzer Stress Ball",9,37.57,0,0.00
766,"LETS GO SHOPPING COTTON TOTE BAG",1015,2359.92,0,0.00
103,"SET OF 6 FUNKY BEAKERS",2208,7391.99,0,0.00
1184,"CERAMIC BIRDHOUSE CRESTED TIT SMALL",317,1020.03,0,0.00
298,"SKULLS  WATER TRANSFER TATTOOS ",7925,6783.79,0,0.00
1183,"RED RETROSPOT PUDDING BOWL",1338,5602.78,0,0.00
740,"DOORMAT SPOTTY HOME SWEET HOME",7059,54703.11,0,0.00
696,"BOOZE & WOMEN GREETING CARD ",2041,867.69,0,0.00
677,"GIN & TONIC DIET GREETING CARD ",13281,5593.01,0,0.00
432,"ROTATING LEAVES T-LIGHT HOLDER",7774,14389.49,0,0.00
443,"FAWN BLUE HOT WATER BOTTLE",13362,46232.38,0,0.00
1182,"12 IVORY ROSE PEG PLACE SETTINGS",3882,5921.16,0,0.00
1181,"BASKET OF TOADSTOOLS",5735,7091.13,0,0.00
1180,"TOAST ITS - FAIRY FLOWER",2587,2839.47,0,0.00
129,"CLASSIC METAL BIRDCAGE PLANT HOLDER",3920,45467.82,0,0.00
1179,"STRIPEY CHOCOLATE NESTING BOXES",1439,4304.65,0,0.00
1178,"VINTAGE KITCHEN PRINT SEAFOOD",173,523.58,0,0.00
1177,"VINTAGE KITCHEN PRINT FRUITS",341,1069.66,0,0.00
1176,"SALLE DE BAIN HOOK",2226,3155.30,0,0.00
479,"VICTORIAN SEWING BOX MEDIUM",2774,27846.02,0,0.00
1175,"SET/4 BADGES DOGS",1394,1835.06,0,0.00
1174,"PASTEL COLOUR HONEYCOMB FAN",3761,2794.44,0,0.00
612,"WHITE BELL HONEYCOMB PAPER ",4389,7743.20,0,0.00
1173,"3D HEARTS  HONEYCOMB PAPER GARLAND",1306,4099.42,0,0.00
1083,"PLEASE ONE PERSON METAL SIGN",49294,101343.04,0,0.00
1172,"HOME SWEET HOME METAL SIGN ",7113,20771.43,0,0.00
1171,"GOLD FISHING GNOME",273,2199.12,0,0.00
596,"SWISS ROLL TOWEL, CHOCOLATE  SPOTS",3627,6688.77,0,0.00
1170,"LARGE CAKE TOWEL PINK SPOTS",4429,15337.19,0,0.00
1169,"LARGE CAKE TOWEL, CHOCOLATE SPOTS",3751,11094.49,0,0.00
2538,"LARGE CAKE TOWEL CHOCOLATE SPOTS",3751,11094.49,0,0.00
1168,"VINTAGE RED TEATIME MUG",1301,2059.11,0,0.00
772,"TOOL BOX SOFT TOY ",733,7262.57,0,0.00
1167,"DARK BIRD HOUSE TREE DECORATION",5944,2365.64,0,0.00
1166,"ROSE DU SUD DRAWSTRING BAG",505,1731.44,0,0.00
629,"12 PENCILS SMALL TUBE SKULL",28071,18226.46,0,0.00
1165,"BLUE POT PLANT CANDLE ",1198,4258.84,0,0.00
1164,"ZINC HEART LATTICE T-LIGHT HOLDER",2879,3861.89,0,0.00
1142,"BLACK EAR MUFF HEADPHONES",194,1289.27,0,0.00
1163,"BLUE PAISLEY SKETCHBOOK",493,2076.50,0,0.00
594,"RETROSPOT RED WASHING UP GLOVES",5855,12418.47,0,0.00
1162,"BLUE POLKADOT WASHING UP GLOVES",1659,3751.12,0,0.00
290,"LUNCH BAG  BLACK SKULL.",49208,90091.36,0,0.00
63,"STRAWBERRY CHARLOTTE BAG",39216,50238.26,0,0.00
1161,"RED RETROSPOT SHOPPER BAG",19136,26537.73,0,0.00
357,"STRAWBERRY SHOPPER BAG",11433,14271.76,0,0.00
1160,"GREEN CAT FLORAL CUSHION COVER ",293,1390.85,0,0.00
1159,"MOUSEY LONG LEGS SOFT TOY",391,1076.79,0,0.00
1158,"FLORAL SOFT CAR TOY",217,930.86,0,0.00
1157,"RED RETROSPOT CHILDRENS UMBRELLA",4998,16884.38,0,0.00
1156,"PINK POLKADOT CHILDRENS UMBRELLA",574,2087.42,0,0.00
1155,"CHERRY BLOSSOM LUGGAGE TAG",293,383.23,0,0.00
1154,"TROPICAL PASSPORT COVER ",1049,1762.81,0,0.00
1153,"FIRST CLASS PASSPORT COVER ",373,783.97,0,0.00
1060,"CHERRY BLOSSOM PASSPORT COVER",779,982.53,0,0.00
1152,"DRAGONS BLOOD INCENSE",1693,418.19,0,0.00
1151,"FAIRY DREAMS INCENSE ",5058,1254.10,0,0.00
1150,"ORIGAMI VANILLA INCENSE CONES",621,288.12,0,0.00
1149,"FUNKY MONKEY GIFT BAG MEDIUM",1486,694.18,0,0.00
1148,"COLOURING PENCILS BROWN TUBE",8947,8860.83,0,0.00
1331,"WAKE UP COCKEREL TILE COASTER",2421,849.59,0,0.00
699,"PACK OF 12 SKULL TISSUES",21203,6363.51,0,0.00
1330,"VINTAGE UNION JACK DOORSTOP",870,5361.94,0,0.00
1425,"CHEST 7 DRAWER MA CAMPAGNE",145,3606.47,0,0.00
712,"RECIPE BOX RETROSPOT ",11658,32563.90,0,0.00
1424,"GARDENIA 3 WICK MORRIS BOXED CANDLE",1129,3269.21,0,0.00
39,"CHARLOTTE BAG DOLLY GIRL DESIGN",20902,16967.71,0,0.00
119,"3 TIER CAKE TIN RED AND CREAM",2760,39135.08,0,0.00
424,"PLASTERS IN TIN SPACEBOY",32472,54702.26,0,0.00
488,"PINK SWEETHEART BRACELET",708,2935.28,0,0.00
1088,"GREEN GEISHA GIRL ",190,606.70,0,0.00
1089,"BLUE GEISHA GIRL ",182,606.82,0,0.00
1521,"6 ROCKET BALLOONS ",7628,5196.28,0,0.00
522,"DOORMAT BLACK FLOCK ",7272,41153.07,0,0.00
158,"BLACK/BLUE POLKADOT UMBRELLA",4747,27766.55,0,0.00
618,"CHRISTMAS LIGHTS 10 VINTAGE BAUBLES",5624,27963.09,0,0.00
32,"INFLATABLE POLITICAL GLOBE ",3510,3104.73,0,0.00
1513,"KEY FOB , FRONT  DOOR ",7955,5119.03,0,0.00
327,"FELTCRAFT CUSHION OWL",13601,50063.41,0,0.00
409,"FELTCRAFT PRINCESS LOLA DOLL",8139,30473.57,0,0.00
439,"GREY HEART HOT WATER BOTTLE",13036,51628.36,0,0.00
1121,"6 CHOCOLATE LOVE HEART T-LIGHTS",4353,8888.64,0,0.00
1617,"TEATIME FUNKY FLOWER BACKPACK FOR 2",266,2950.96,0,0.00
1616,"SET/6 PURPLE BUTTERFLY T-LIGHTS",3564,8612.33,0,0.00
118,"3 TIER CAKE TIN GREEN AND CREAM",1797,28210.51,0,0.00
1055,"CUSHION COVER PINK UNION JACK",496,3092.50,0,0.00
606,"SWEETHEART CAKESTAND 3 TIER",4993,52494.70,0,0.00
1389,"CAKESTAND, 3 TIER, LOVEHEART",4993,52494.70,0,0.00
3693,"SWEETHEART 3 TIER CAKE STAND ",4993,52494.70,0,0.00
271,"PINK DRAWER KNOB ACRYLIC EDWARDIAN",15564,20966.88,0,0.00
219,"PHOTO FRAME CORNICE",13212,39448.12,0,0.00
662,"MINT KITCHEN SCALES",3435,30350.98,0,0.00
1615,"CHILDRENS GARDEN GLOVES PINK",1960,2607.21,0,0.00
186,"PICNIC BASKET WICKER SMALL",7827,206090.77,0,0.00
3443,"PICNIC BASKET WICKER 60 PIECES",7827,206090.77,0,0.00
628,"ENAMEL MEASURING JUG CREAM",5099,22249.69,0,0.00
1614,"METAL SIGN NEIGHBOURHOOD WITCH ",3658,7758.91,0,0.00
440,"KINGS CHOICE TEA CADDY ",2820,10305.24,0,0.00
1431,"MILK PAN PINK POLKADOT",259,1292.52,0,0.00
1613,"FRYING PAN PINK POLKADOT",1602,7288.86,0,0.00
396,"RED STAR CARD HOLDER",3407,8040.09,0,0.00
386,"SET 10 LIGHTS NIGHT OWL",3909,29202.99,0,0.00
3368,"SET 10 NIGHT OWL LIGHTS",3909,29202.99,0,0.00
633,"METAL 4 HOOK HANGER FRENCH CHATEAU",9831,31236.41,0,0.00
754,"3 HOOK PHOTO SHELF ANTIQUE WHITE",7256,55094.92,0,0.00
1612," OVAL WALL MIRROR DIAMANTE ",949,9624.66,0,0.00
1147,"LOVE HEART SOCK HANGER",1520,2735.45,0,0.00
1376,"EMPIRE BIRTHDAY CARD",4909,2191.01,0,0.00
435,"S/6 WOODEN SKITTLES IN COTTON BAG",4631,14831.61,0,0.00
1611,"POTTERING MUG",15193,19357.73,0,0.00
383,"FOLDING UMBRELLA PINKWHITE POLKADOT",432,2038.16,0,0.00
1610,"LOVE LARGE WOOD LETTERS ",426,6062.08,0,0.00
478,"VICTORIAN SEWING BOX SMALL ",4768,28638.51,0,0.00
1609,"MULTICOLOUR 3D BALLS GARLAND",1014,2718.88,0,0.00
460,"RETROSPOT CHILDRENS APRON",12875,24718.61,0,0.00
173,"SET/6 RED SPOTTY PAPER CUPS",28710,19554.92,0,0.00
1608,"VINTAGE RED MUG",2813,2781.39,0,0.00
1607,"FROG CANDLE",257,337.63,0,0.00
1118,"EDWARDIAN PARASOL PINK",3299,19393.19,0,0.00
104,"EDWARDIAN PARASOL BLACK",11802,68123.29,0,0.00
121,"WOOD BLACK BOARD ANT WHITE FINISH",24092,144212.52,0,0.00
1629,"PARTY BUNTING",73199,398131.99,0,0.00
284,"3 PIECE SPACEBOY COOKIE CUTTER SET",10578,22065.07,0,0.00
1628,"TEA FOR ONE POLKADOT",1701,8530.41,0,0.00
1627,"NATURAL SLATE CHALKBOARD LARGE ",6932,38267.92,0,0.00
659,"GREEN CHRISTMAS TREE CARD HOLDER",5083,13067.69,0,0.00
1626,"PINK LOVE HEART SHAPE CUP",3281,3099.80,0,0.00
704,"RED RETROSPOT TISSUE BOX",8709,4580.31,0,0.00
1515,"SET OF 6 CAKE CHOPSTICKS",2569,3929.21,0,0.00
1625,"STRAWBERRIES  DESIGN FLANNEL ",1449,1511.86,0,0.00
59,"RED HANGING HEART T-LIGHT HOLDER",31732,93480.36,0,0.00
1624,"BOX OF 9 PEBBLE CANDLES",1945,3956.93,0,0.00
1105,Manual,28956,312513.29,0,0.00
1640,"CHOCOLATE 1 WICK MORRIS BOX CANDLE",1487,2505.57,0,0.00
1069,"ANT WHITE WIRE HEART SPIRAL",1367,6126.49,0,0.00
595,"SMALL LICORICE DES PINK BOWL",2304,1755.06,0,0.00
1639,"SET OF 4 POLKADOT PLACEMATS ",698,3314.88,0,0.00
716,"NO SINGING METAL SIGN",24096,51429.34,0,0.00
3889,"N0 SINGING METAL SIGN",24096,51429.34,0,0.00
239,"TOILET METAL SIGN",15562,8640.79,0,0.00
477,"BLUE GIANT GARDEN THERMOMETER",1806,11095.30,0,0.00
431,"SET OF 6 T-LIGHTS TOADSTOOLS",3326,9792.38,0,0.00
258,"CANDLEHOLDER PINK HANGING HEART",12593,32618.31,0,0.00
3906,"PINK HANGING HEART T-LIGHT HOLDER",12593,32618.31,0,0.00
1638,"PICNIC BOXES SET OF 3 RETROSPOT ",3865,18513.61,0,0.00
1637,"CHILDS GARDEN BRUSH BLUE",1453,3138.37,0,0.00
1352,"MEMO BOARD RETROSPOT  DESIGN",11859,56891.73,0,0.00
133,"ENAMEL BREAD BIN CREAM",3517,49763.15,0,0.00
1427,"AIRLINE BAG VINTAGE JET SET RED",2202,9790.80,0,0.00
1351,"DOORMAT RESPECTABLE HOUSE",3179,23201.13,0,0.00
1056,"FOUR HOOK  WHITE LOVEBIRDS",6471,14885.70,0,0.00
1636,"WALL MIRROR RECTANGLE DIAMANTE PINK",830,6489.86,0,0.00
1635,"RED LOVE HEART SHAPE CUP",4156,3761.14,0,0.00
549,"RAINY LADIES BIRTHDAY CARD",9781,4161.29,0,0.00
1450,"PACK OF 6 SKULL PAPER PLATES",9309,7478.73,0,0.00
418,"SET 12 RETRO WHITE CHALK STICKS",18438,7912.38,0,0.00
1634,"PINK UNION JACK  PASSPORT COVER ",1098,2507.23,0,0.00
1633,"SKULL LUNCH BOX WITH CUTLERY ",8559,22297.66,0,0.00
145,"GINGHAM HEART  DOORSTOP RED",3184,11987.56,0,0.00
1632,"TROPICAL  HONEYCOMB PAPER GARLAND ",4961,11956.34,0,0.00
1587,"RED RETROSPOT WASHBAG",329,939.81,0,0.00
1631,"CHARLIE AND LOLA CHARLOTTE BAG",263,656.35,0,0.00
390,"RED RETROSPOT MINI CASES",7036,50930.55,0,0.00
48,"EDWARDIAN PARASOL RED",6929,40580.00,0,0.00
1630,"QUEEN OF SKIES LUGGAGE TAG",789,1171.67,0,0.00
1596,"BLUE POLKADOT PASSPORT COVER",1240,1878.47,0,0.00
1641,"OCEAN SCENT CANDLE JEWELLED DRAWER",5,42.35,0,0.00
408,"PACK OF 12 PINK POLKADOT TISSUES",16308,4804.76,0,0.00
335,"DOORMAT UNION JACK GUNS AND ROSES",4933,30525.00,0,0.00
1725,"RED RETROSPOT PICNIC BAG",15951,46696.17,0,0.00
1356,"SET 12 KIDS COLOUR  CHALK STICKS",28850,11824.97,0,0.00
1044,"SET 12 KIDS  WHITE CHALK STICKS",16629,6819.51,0,0.00
1724,"MAN FLU METAL SIGN",4652,9989.94,0,0.00
31,"STARS GIFT TAPE ",6663,2936.85,0,0.00
1423,"GLAMOROUS  MUG",5198,5861.64,0,0.00
331,"UNION JACK FLAG LUGGAGE TAG",3011,5216.41,0,0.00
1723,"DINOSAUR KEYRINGS ASSORTED",27533,5943.39,0,0.00
1722,"EIGHT PIECE SNAKE  SET",1334,1761.92,0,0.00
625,"EIGHT PIECE DINOSAUR SET",507,750.73,0,0.00
501,"STAR  T-LIGHT HOLDER ",668,1137.71,0,0.00
1721,"SWEETIES  STICKERS",1206,1112.28,0,0.00
385,"FOLDING UMBRELLA WHITE/RED POLKADOT",418,2067.20,0,0.00
1720,"BUTTERFLIES STICKERS",2537,2295.10,0,0.00
469,"HANGING GLASS ETCHED TEALIGHT",546,860.40,0,0.00
1144,"ASSORTED TUTTI FRUTTI MIRROR",2206,2984.52,0,0.00
1719,"ASSORTED TUTTI FRUTTI  FOB NOTEBOOK",2649,2577.78,0,0.00
1718,"4 VANILLA BOTANICAL CANDLES",3913,5933.22,0,0.00
1593,"DAIRY MAID TOASTRACK",3110,3087.14,0,0.00
1594,"DAIRY MAID TRADITIONAL TEAPOT ",874,6334.20,0,0.00
176,"RETROSPOT HEART HOT WATER BOTTLE",14238,71396.65,0,0.00
1717,"12 RED ROSE PEG PLACE SETTINGS",1832,2569.94,0,0.00
1420,"MINI WOODEN HAPPY BIRTHDAY GARLAND",7274,12579.00,0,0.00
1716,"RETROSPOT CANDLE  LARGE",1094,1458.60,0,0.00
1715,"GREEN GOOSE FEATHER TREE 60CM",685,1433.79,0,0.00
1714,"GREEN GOOSE FEATHER CHRISTMAS TREE ",749,2695.98,0,0.00
1576,"BLUE POLKADOT CUP",14307,12473.10,0,0.00
1713,"SET/4 SKULL BADGES",3668,4337.52,0,0.00
1341,"SET/4 BADGES CUTE CREATURES",1051,1372.15,0,0.00
1712,"SET/4 BADGES BALLOON GIRL",1794,2252.38,0,0.00
1367,"IVORY PAPER CUP CAKE CASES ",4480,3038.17,0,0.00
1525,"RED RETROSPOT PEG BAG",12652,37258.11,0,0.00
1711,"SWISS ROLL TOWEL, PINK  SPOTS",5438,11549.38,0,0.00
2890,"SWISS ROLL TOWEL PINK  SPOTS",5438,11549.38,0,0.00
1710,"RIBBONS PURSE ",770,1517.22,0,0.00
1550,"SPACE FROG",709,952.85,0,0.00
632,"VICTORIAN  METAL POSTCARD SPRING",11517,12893.29,0,0.00
1709,"MULTICOLOUR HONEYCOMB PAPER GARLAND",4479,6129.51,0,0.00
605,"PACK OF 20 NAPKINS PANTRY DESIGN",26359,22736.95,0,0.00
261,"LUNCH BAG WOODLAND",39819,73466.91,0,0.00
640,"JUMBO BAG WOODLAND ANIMALS",39159,88533.69,0,0.00
1708,"DOLLY MIXTURE CHILDREN'S UMBRELLA",1089,3769.49,0,0.00
1435,"RECYCLED PENCIL WITH RABBIT ERASER",12475,2824.45,0,0.00
1707,"RATTLE SNAKE EGGS",3261,2770.76,0,0.00
1706,"CARTOON  PENCIL SHARPENERS",15285,1135.37,0,0.00
1526,"FAIRY CAKE DESIGN UMBRELLA",1834,7401.90,0,0.00
1534,"ASSORTED COLOURS SILK FAN",95379,74337.20,0,0.00
461,"COLOURING PENCILS BROWN TUBE",11478,6186.19,0,0.00
1705,"LETTER "Y" BLING KEY RING",265,92.21,0,0.00
1704,"LETTER "N" BLING KEY RING",166,118.62,0,0.00
1703,"LETTER "L" BLING KEY RING",378,261.86,0,0.00
1702,"LETTER "I" BLING KEY RING",153,119.33,0,0.00
1701,"LETTER "F" BLING KEY RING",109,62.57,0,0.00
1700,"LETTER "C" BLING KEY RING",367,293.63,0,0.00
1699,"LETTER "B" BLING KEY RING",151,101.63,0,0.00
1698,"LARGE MINT DIAMANTE HAIRSLIDE",125,207.73,0,0.00
1697,"5 STRAND GLASS NECKLACE AMETHYST",37,232.73,0,0.00
1696,"GREEN PENDANT TRIPLE SHELL NECKLACE",49,257.95,0,0.00
333,"RED GLASS TASSLE BAG CHARM",162,356.73,0,0.00
1695,"BLUE MURANO TWIST BRACELET",157,660.72,0,0.00
1694,"SUMMER BUTTERFLIES BAG CHARM",221,550.67,0,0.00
1693,"SUMMER DAISIES BAG CHARM",669,1674.35,0,0.00
1692,"FIRE POLISHED GLASS NECKL GREEN",25,146.58,0,0.00
1691,"NEW BAROQUE LARGE NECKLACE BLK/WHIT",65,545.13,0,0.00
1690,"GREEN PAIR HEART HAIR SLIDES",93,348.25,0,0.00
1689,"COPPER/OLIVE GREEN FLOWER NECKLACE",85,525.77,0,0.00
1688,"HANGING WOOD AND FELT BUTTERFLY ",3585,1638.48,0,0.00
1119,"S/4 CACTI CANDLES",2490,11891.29,0,0.00
1687,"PINK LOVE BIRD CANDLE",1405,1426.83,0,0.00
1686,"EAU DE NIL LOVE BIRD CANDLE",1717,1813.95,0,0.00
343,"BLACK LOVE BIRD CANDLE",1353,1471.75,0,0.00
1685,"IVORY LOVE BIRD CANDLE",3249,3254.59,0,0.00
1684,"BLACK GRAND BAROQUE PHOTO FRAME",203,460.95,0,0.00
1445,"CHARLIE AND LOLA FIGURES TINS",6094,14367.18,0,0.00
1505,"CUT GLASS HEXAGON T-LIGHT HOLDER",2618,4641.94,0,0.00
1683,"FRENCH ENAMEL UTENSIL HOLDER",188,768.71,0,0.00
1682,"FRENCH ENAMEL POT W LID",2359,5757.93,0,0.00
1681,"EAU DE NILE HEART SHAPE PHOTO FRAME",1325,2237.04,0,0.00
1643,"SET OF 36 TEATIME PAPER DOILIES",12217,17907.44,0,0.00
610,"SET OF 16 VINTAGE PISTACHIO CUTLERY",1270,14382.20,0,0.00
554,"ANTIQUE SILVER TEA GLASS ENGRAVED",34918,41294.16,0,0.00
637,"MULTI COLOUR SILVER T-LIGHT HOLDER",42354,35131.56,0,0.00
1680,"PSYCHEDELIC TILE HOOK",1197,736.01,0,0.00
1679,"WAKE UP COCKEREL TILE HOOK",201,286.01,0,0.00
138,"WHITE WIRE EGG HOLDER",1314,8413.98,0,0.00
1360,"ENCHANTED BIRD COATHANGER 5 HOOK",3350,15985.65,0,0.00
1465,"ZINC FINISH 15CM PLANTER POTS",2418,3013.38,0,0.00
1059,"BEACH HUT KEY CABINET",138,720.69,0,0.00
1678,"BLUE FLY SWAT",717,627.80,0,0.00
1677,"BLACK SQUARE TABLE CLOCK",465,1225.86,0,0.00
1676,"PINK STITCHED WALL CLOCK",2717,3320.58,0,0.00
533,"3D DOG PICTURE PLAYING CARDS",1375,4137.69,0,0.00
1675,"ASSTD DESIGN BUBBLE GUM RING",71,14.91,0,0.00
1359,"WORLD WAR 2 GLIDERS ASSTD DESIGNS",223597,56016.31,0,0.00
177,"ENGLISH ROSE HOT WATER BOTTLE",6519,29599.65,0,0.00
55,"WOODEN PICTURE FRAME WHITE FINISH",36154,92746.55,0,0.00
1674,"VINYL RECORD FRAME SILVER",6817,26648.94,0,0.00
3975,"SILVER RECORD COVER FRAME",6817,26648.94,0,0.00
1673,"RETRO PLASTIC POLKA TRAY",637,554.86,0,0.00
1602,"MOROCCAN TEA GLASS",16777,13546.57,0,0.00
1672,"METAL TUBE CHIME ON BAMBOO",1961,2120.20,0,0.00
1671,"LARGE CIRCULAR MIRROR MOBILE",28457,27314.43,0,0.00
1670,"SET/6 TURQUOISE BUTTERFLY T-LIGHTS",5175,10370.09,0,0.00
1669,"SILVER BOOK MARK WITH BEADS",713,787.95,0,0.00
3574,"ANTIQUE SILVER BOOK MARK WITH BEADS",713,787.95,0,0.00
208,"DOORMAT FAIRY CAKE",14484,95701.88,0,0.00
1668,"ASSORTED CIRCULAR MOBILE",2794,626.60,0,0.00
1111,"SMALL FOLKART STAR CHRISTMAS DEC",5307,1498.04,0,0.00
1667,"BLACK CHRISTMAS TREE 120CM",870,2216.34,0,0.00
476,"GREEN GIANT GARDEN THERMOMETER",1729,10878.31,0,0.00
117,"IVORY GIANT GARDEN THERMOMETER",2423,14912.97,0,0.00
1666,"PACK OF 20 NAPKINS RED APPLES",17541,14296.98,0,0.00
382,"TOTE BAG I LOVE LONDON",5207,10650.73,0,0.00
1665,"NUMBER TILE VINTAGE FONT 5",397,780.41,0,0.00
1664,"NUMBER TILE VINTAGE FONT 3",433,859.01,0,0.00
244,"SET 20 NAPKINS FAIRY CAKES DESIGN ",11003,9510.14,0,0.00
1663,"SET OF 6 T-LIGHTS CACTI ",3525,9683.07,0,0.00
246,"SET OF 6 T-LIGHTS SANTA",5049,15390.31,0,0.00
1401,"PHOTO FRAME 3 CLASSIC HANGING",2339,23270.53,0,0.00
1391,"GLASS BELL JAR LARGE",1424,11948.88,0,0.00
1568,"GLASS CLOCHE LARGE",1424,11948.88,0,0.00
230,"FAMILY PHOTO FRAME CORNICE",3495,33313.44,0,0.00
1662,"CUPBOARD 3 DRAWER MA CAMPAGNE",685,11173.91,0,0.00
1061,"SMALL YELLOW BABUSHKA NOTEBOOK ",4064,3054.54,0,0.00
6,"SET 7 BABUSHKA NESTING BOXES",7417,59836.84,0,0.00
650,"MAKE YOUR OWN FLOWERPOWER CARD KIT",3753,9737.43,0,0.00
320,"RIBBON REEL MAKING SNOWMEN ",4975,9337.93,0,0.00
512,"3D CHRISTMAS STAMPS STICKERS ",4722,6188.72,0,0.00
1379,"CARD DOG AND BALL ",4941,2154.05,0,0.00
360,"DOLLY GIRL LUNCH BOX",47287,86737.07,0,0.00
634,"BLACK KITCHEN SCALES",2092,17819.92,0,0.00
1601,"TRADITIONAL KNITTING NANCY",24613,40246.65,0,0.00
1661,"PENS ASSORTED SPACEBALL",23787,5532.10,0,0.00
405,"CHRISTMAS GINGHAM TREE",8137,7720.75,0,0.00
406,"CHRISTMAS GINGHAM STAR",9305,8541.32,0,0.00
1115,"WOODEN STAR CHRISTMAS SCANDINAVIAN",41921,15574.39,0,0.00
505,"WOODEN HEART CHRISTMAS SCANDINAVIAN",42517,16370.02,0,0.00
1098,"SWALLOW WOODEN CHRISTMAS DECORATION",6267,5756.40,0,0.00
577,"METAL MERRY CHRISTMAS WREATH",2569,4915.89,0,0.00
715,"20 DOLLY PEGS RETROSPOT",9930,13194.22,0,0.00
425,"PLASTERS IN TIN WOODLAND ANIMALS",31373,53584.71,0,0.00
1660,"MINI JIGSAW PURDEY",8417,3202.45,0,0.00
767,"PAINT YOUR OWN CANVAS SET",9902,16045.68,0,0.00
45,"MINI PAINT SET VINTAGE ",107002,68044.40,0,0.00
1373,"PACK OF 12 COLOURED PENCILS",15937,12862.79,0,0.00
1659,"RED GINGHAM TEDDY BEAR ",3103,9282.57,0,0.00
226,"TV DINNER TRAY VINTAGE PAISLEY",2018,6527.93,0,0.00
143,"FAIRY TALE COTTAGE NIGHTLIGHT",12808,23255.86,0,0.00
3697,"FAIRY TALE COTTAGE NIGHT LIGHT",12808,23255.86,0,0.00
1383,"EMBOSSED GLASS TEALIGHT HOLDER",10267,13199.01,0,0.00
1571,"MONEY BOX KINGS CHOICE DESIGN",1398,1632.60,0,0.00
1076,"MAGNETS PACK OF 4 VINTAGE COLLAGE",6905,4159.83,0,0.00
1658,"PAPERWEIGHT VINTAGE PAISLEY",609,885.22,0,0.00
260,"LUNCH BAG SPACEBOY DESIGN ",41915,72469.35,0,0.00
1657,"GLASS JAR MARMALADE ",1925,5540.91,0,0.00
187,"STAR DECORATION PAINTED ZINC ",18767,4964.58,0,0.00
35,"ROUND SNACK BOXES SET OF4 WOODLAND ",34349,98098.09,0,0.00
1656,"HANGING METAL RABBIT DECORATION",1901,2475.31,0,0.00
377,"FELTCRAFT DOLL EMILY",5411,15967.33,0,0.00
365,"FELTCRAFT DOLL MOLLY",18084,48150.92,0,0.00
1348,"FELTCRAFT DOLL MARIA",797,2300.99,0,0.00
376,"FELTCRAFT DOLL ROSIE",6887,20258.01,0,0.00
1655,"FELT TOADSTOOL  SMALL",2522,2416.43,0,0.00
1654,"BIRDHOUSE DECORATION MAGIC GARDEN",2857,3570.47,0,0.00
1653,"DECORATION  BUTTERFLY  MAGIC GARDEN",3287,2935.58,0,0.00
1652,"DECORATION  PINK CHICK MAGIC GARDEN",2377,2105.42,0,0.00
638,"3 HOOK HANGER MAGIC GARDEN",6846,13175.66,0,0.00
621,"HANGING HEART MIRROR DECORATION ",9389,6849.16,0,0.00
1651,"T-LIGHT HOLDER WHITE LACE",2362,2068.32,0,0.00
1650,"PINK OWL SOFT TOY",3518,10409.38,0,0.00
1649,"HEART STRING MEMO HOLDER HANGING",3502,4177.84,0,0.00
1412,"FOOD CONTAINER SET 3 LOVE HEART ",8179,15855.87,0,0.00
724,"JOY WOODEN BLOCK LETTERS",933,3637.51,0,0.00
1648,"MIRROR MOSAIC GOBLET CANDLE HOLDER",2297,3395.49,0,0.00
567,"CARAVAN SQUARE TISSUE BOX",5800,3239.86,0,0.00
453,"CERAMIC STRAWBERRY DESIGN MUG",7209,8440.32,0,0.00
1573,"CHRISTMAS CARD SINGING ANGEL",1657,698.95,0,0.00
526,"RECORD FRAME 7" SINGLE SIZE ",17741,45959.10,0,0.00
1380,"PENNY FARTHING BIRTHDAY CARD",12253,5252.69,0,0.00
1726,"WRAP CHRISTMAS VILLAGE",19617,8063.14,0,0.00
756,"DOORMAT ENGLISH ROSE ",8197,57605.75,0,0.00
1732,"SET/6 POSIES PAPER PLATES",508,481.72,0,0.00
1448,"PINK  POLKADOT CUP",12107,10872.55,0,0.00
1414,"KEEP OUT BOYS DOOR HANGER ",597,955.93,0,0.00
1731,"NECKLACE+BRACELET SET BLUE BLOSSOM",186,464.14,0,0.00
1730,"KNITTED RABBIT DOLL ",114,188.10,0,0.00
1729,"NINJA RABBIT PINK",677,762.41,0,0.00
61,"JUMBO  BAG BAROQUE BLACK WHITE",55902,112826.16,0,0.00
599,"PINK 3 PIECE POLKADOT CUTLERY SET",21752,89834.36,0,0.00
3011,"CHILDRENS CUTLERY POLKADOT PINK",21752,89834.36,0,0.00
65,"BLUE 3 PIECE POLKADOT CUTLERY SET",16302,67629.14,0,0.00
3010,"CHILDRENS CUTLERY POLKADOT BLUE",16302,67629.14,0,0.00
64,"RED 3 PIECE RETROSPOT CUTLERY SET",18383,76709.01,0,0.00
3024,"CHILDRENS CUTLERY RETROSPOT RED ",18383,76709.01,0,0.00
1768,"ZINC FOLKART SLEIGH BELLS",20293,38240.85,0,0.00
1127,"ALARM CLOCK BAKELIKE CHOCOLATE",7959,32765.37,0,0.00
196,"TRAVEL SEWING KIT",20482,34663.46,0,0.00
688,"PLASTERS IN TIN CIRCUS PARADE ",24542,40401.06,0,0.00
1328,"CHILDRENS GARDEN GLOVES BLUE",2572,3542.02,0,0.00
1492,"ENAMEL WASH BOWL CREAM",2984,11490.28,0,0.00
286,"PACK OF 60 SPACEBOY CAKE CASES",33860,18339.52,0,0.00
359,"ROUND SNACK BOXES SET OF 4 SKULLS",4727,17394.87,0,0.00
179,"3 STRIPEY MICE FELTCRAFT",12162,23799.01,0,0.00
80,"RETROSPOT TEA SET CERAMIC 11 PC ",18141,91859.19,0,0.00
590,"JUMBO STORAGE BAG SKULLS",25943,56391.57,0,0.00
1117,"UNION JACK FLAG PASSPORT COVER ",3404,8359.98,0,0.00
1382,"WHITE SPOT BLUE CERAMIC DRAWER KNOB",17736,24486.22,0,0.00
1054,"BLUE SPOT CERAMIC DRAWER KNOB",17528,24629.38,0,0.00
1381,"BLUE STRIPE CERAMIC DRAWER KNOB",21189,28622.13,0,0.00
1085,"RED STRIPE CERAMIC DRAWER KNOB",22147,30156.50,0,0.00
520,"DINOSAURS  WRITING SET ",3795,6951.04,0,0.00
363,"RED RETROSPOT PLATE ",13507,22826.71,0,0.00
1647,"SET/20 STRAWBERRY PAPER NAPKINS ",11123,10167.43,0,0.00
1767,"WATERMELON BATH SPONGE",120,300.00,0,0.00
1766,"SILVER MINI TAPE MEASURE ",634,1089.90,0,0.00
776,"JUMBO BAG TOYS ",20068,44179.42,0,0.00
463,"ZINC METAL HEART DECORATION",23875,29831.03,0,0.00
1794,"ANGEL DECORATION PAINTED ZINC ",3676,2316.36,0,0.00
1793,"CHRISTMAS TREE PAINTED ZINC ",9875,2735.19,0,0.00
1094,"ROCKING HORSE GREEN CHRISTMAS ",5722,5137.90,0,0.00
1815,"CRACKED GLAZE EARRINGS IVORY",17,42.51,0,0.00
1814,"CRACKED GLAZE NECKLACE IVORY",33,229.83,0,0.00
1480,"12 COLOURED PARTY BALLOONS",8646,5665.54,0,0.00
1813,"BLACK/WHITE GLASS/SILVER BRACELET",45,409.31,0,0.00
1812,"MIDNIGHT BLUE GLASS/SILVER BRACELET",73,678.15,0,0.00
1811,"SILVER BRACELET W PASTEL FLOWER",133,1016.22,0,0.00
1810,"SILVER HOOP EARRINGS WITH FLOWER",113,677.95,0,0.00
1466,"SILK PURSE BABUSHKA BLUE",790,2677.94,0,0.00
2037,"PINK JEWELLED PHOTO FRAME",120,926.24,0,0.00
1135,"LETTER "V" BLING KEY RING",105,65.17,0,0.00
2036,"JET BLACK LAS VEGAS BRACELET ROUND",40,150.48,0,0.00
2035,"BLACK ENAMEL FLOWER RING",344,1011.60,0,0.00
1502,"5 STRAND GLASS NECKLACE BLACK",46,291.22,0,0.00
2034,"AMETHYST DROP EARRINGS W LONG BEADS",84,244.32,0,0.00
2033,"AMBER DROP EARRINGS W LONG BEADS",160,468.96,0,0.00
2032,"ST TROPEZ NECKLACE",180,896.48,0,0.00
2031,"IVORY PENDANT TRIPLE SHELL NECKLACE",36,179.44,0,0.00
2030,"PINK SWEETIE NECKLACE",8,60.48,0,0.00
2029,"LIGHT TOPAZ TEAL/AQUA COL NECKLACE",12,60.64,0,0.00
1881,"CRYSTAL FROG PHONE CHARM",409,312.01,0,0.00
2028,"CRYSTAL STILETTO PHONE CHARM",136,147.04,0,0.00
1948,"CARNIVAL BRACELET",176,2232.12,0,0.00
483,"DIAMANTE HAIR GRIP PACK/2 BLACK DIA",66,109.38,0,0.00
2027,"GOLD M PEARL  ORBIT NECKLACE",68,634.96,0,0.00
3893,"GOLD M.O.P. ORBIT NECKLACE",68,634.96,0,0.00
2026,"GREEN VINTAGE EARRINGS ",156,632.32,0,0.00
2025,"ANTIQUE OLIVE GREEN FLOWER EARRINGS",28,118.92,0,0.00
2024,"HANGING WOOD AND FELT FLOWER",8220,1303.84,0,0.00
2023,"HANGING WOOD AND FELT HEART",2704,1259.24,0,0.00
1520,"PINK HORSE SOCK PUPPET",1226,3713.66,0,0.00
3868,"PINK HORSE SOCK PUPPET KIT",1226,3713.66,0,0.00
1444,"CHARLIE AND LOLA TABLE TINS",2153,4933.07,0,0.00
2022,"HILDA CANDY SPOT RABBIT",100,436.92,0,0.00
2021,"CANDY SPOT EGG WARMER HARE",2832,1900.72,0,0.00
1484,"PINK HEART SHAPE PHOTO FRAME",1290,2093.54,0,0.00
475,"FAIRY SOAP SOAP HOLDER",1093,1964.33,0,0.00
2020,"SET OF 4 DIAMOND NAPKIN RINGS",664,5575.16,0,0.00
2019,"ENCHANTED BIRD PLANT CAGE",748,2577.88,0,0.00
2018,"GIRLS ALPHABET IRON ON PATCHES ",55528,11692.52,0,0.00
1433,"SMALL PINK MAGIC CHRISTMAS TREE",2593,1140.57,0,0.00
2017,"HEN HOUSE W CHICK STANDING",1188,496.36,0,0.00
3157,"HEN HOUSE WITH CHICK STANDING",1188,496.36,0,0.00
2016,"SET/4 WHITE RETRO STORAGE CUBES ",1660,65453.20,0,0.00
1620,"MAGIC TREE -PAPER FLOWERS",3716,3432.20,0,0.00
1772,"FRAPPUCINO SCARF KNITTING KIT",1379,2031.61,0,0.00
83,"AIRLINE LOUNGE,METAL SIGN",2866,5678.48,0,0.00
54,"WOOD S/3 CABINET ANT WHITE FINISH",8662,74311.78,0,0.00
3686,"3 DRAWER ANTIQUE WHITE WOOD CABINET",8662,74311.78,0,0.00
1062,"RETRO MOD TRAY",3217,2882.89,0,0.00
2015,"TURQ ICE CREAM BUM BAG ",76,252.84,0,0.00
2014,"WOVEN CANDY CUSHION COVER ",272,1170.24,0,0.00
2013,"WOVEN FROST CUSHION COVER",468,1971.16,0,0.00
2012,"FUNKY MONKEY CUSHION COVER",928,1268.68,0,0.00
2011,"CERAMIC CAKE DESIGN SPOTTED PLATE",3280,5253.12,0,0.00
1874,"VINTAGE BEAD NOTEBOOK",605,1747.51,0,0.00
2010,"VINTAGE BEAD PINK SCARF ",1804,3943.36,0,0.00
2009,"VINTAGE BEAD PINK PURSE ",3924,4273.28,0,0.00
548,"CARD BILLBOARD FONT",21292,9081.68,0,0.00
580,"36 FOIL STAR CAKE CASES ",4216,8331.00,0,0.00
1392,"FRIDGE MAGNETS LA VIE EN ROSE",5276,4700.00,0,0.00
24,"YELLOW COAT RACK PARIS FASHION",1153,5394.31,0,0.00
1457,"MINI CAKE STAND T-LIGHT HOLDER",7512,3734.16,0,0.00
1734,"3D VINTAGE CHRISTMAS STICKERS ",6611,8689.75,0,0.00
1902,"FRENCH BLUE METAL DOOR SIGN 9",2133,2915.53,0,0.00
474,"FRENCH WC SIGN BLUE METAL",7546,10089.50,0,0.00
2008,"PACK OF 20 SPACEBOY NAPKINS",6152,4890.44,0,0.00
1064,"CARDHOLDER HOLLY WREATH METAL",2641,12118.23,0,0.00
1837,"HAPPY STENCIL CRAFT",11331,13441.47,0,0.00
1469,"MEMO BOARD COTTAGE DESIGN",5861,28501.03,0,0.00
1946,"SKULL DESIGN TV DINNER TRAY",1264,6422.68,0,0.00
304,"HANGING METAL STAR LANTERN",8300,12711.36,0,0.00
123,"HANGING METAL HEART LANTERN",13731,22142.03,0,0.00
1967,"SAVOY ART DECO CLOCK",956,5814.32,0,0.00
2007,"SET OF 36 DOILIES SPACEBOY DESIGN ",3472,4843.28,0,0.00
3966,"SET OF 36 SPACEBOY PAPER DOILIES",3472,4843.28,0,0.00
1836,"MAGNETS PACK OF 4 VINTAGE LABELS ",5304,2773.68,0,0.00
1781,"MAGNETS PACK OF 4 SWALLOWS",10317,6374.29,0,0.00
1956,"PARTY PIZZA DISH PINK POLKADOT",4912,1841.52,0,0.00
2006,"ROUND CONTAINER SET OF 5 RETROSPOT",6416,10654.16,0,0.00
358,"ROUND SNACK BOXES SET OF 4 FRUITS ",27494,76805.38,0,0.00
404,"BIRD DECORATION RED RETROSPOT",3705,3556.77,0,0.00
1417,"DECORATION HEN ON NEST, HANGING",3496,5999.40,0,0.00
2650,"HANGING HEN ON NEST DECORATION",3496,5999.40,0,0.00
2005,"12 EGG HOUSE PAINTED WOOD",596,9514.08,0,0.00
152,"5 HOOK HANGER MAGIC TOADSTOOL",2613,4064.97,0,0.00
2004,"CAKE PLATE LOVEBIRD PINK",1764,7286.44,0,0.00
2003,"CAKE STAND LOVEBIRD 2 TIER PINK",524,4418.16,0,0.00
563,"PLACE SETTING WHITE HEART",60666,25356.88,0,0.00
1756,"METAL SIGN HIS DINNER IS SERVED",2304,2493.48,0,0.00
2002,"PING! MICROWAVE PLATE",608,1660.36,0,0.00
2001,"MIRROR MOSAIC HURRICANE LAMP ",1396,3593.52,0,0.00
586,"PINK PAISLEY SQUARE TISSUE BOX ",5493,2348.53,0,0.00
1831,"RIBBON REEL HEARTS DESIGN ",7655,13411.71,0,0.00
700,"PACK OF 12 BLUE PAISLEY TISSUES ",9264,3128.08,0,0.00
1797,"STRAWBERRY   PICNIC BAG",6833,19610.15,0,0.00
1566,"KEY FOB , SHED",13006,8849.78,0,0.00
1623,"SKULLS TAPE",2828,1012.48,0,0.00
353,"PAINTED METAL STAR WITH HOLLY BELLS",7685,4435.89,0,0.00
369,"COSY SLIPPER SHOES SMALL  RED ",207,646.17,0,0.00
1818,"MULTI HEARTS  STICKERS",961,829.81,0,0.00
731,"SILVER PLATE CANDLE BOWL SMALL",1410,4458.22,0,0.00
341,"PAISLEY PATTERN  STICKERS",507,453.39,0,0.00
1741,"HEARTS  STICKERS",3359,2967.51,0,0.00
1886,"ASSORTED TUTTI FRUTTI BRACELET",10206,2775.30,0,0.00
2000,"VINTAGE PINK DECORATIVE PARASOL",352,1958.96,0,0.00
1999,"ELEPHANT CARNIVAL POUFFE",252,5199.32,0,0.00
1834,"VINTAGE UNION JACK PENNANT",3192,6370.40,0,0.00
189,"FANCY FONT BIRTHDAY CARD, ",20048,8488.28,0,0.00
1998,"BLUE POLKADOT EGG CUP ",4300,2201.72,0,0.00
1997,"RELAX LARGE WOOD LETTERS",520,3440.92,0,0.00
1374,"TOAST ITS - I LOVE YOU ",3202,4027.82,0,0.00
348,"AGED GLASS SILVER T-LIGHT HOLDER",42626,27738.58,0,0.00
1996,"GLASS CHALICE GREEN  SMALL ",644,703.12,0,0.00
1995,"SMALL POLKADOT CHOCOLATE GIFT BAG ",3772,3278.56,0,0.00
1895,"WHITE BELL HONEYCOMB PAPER GARLAND ",1486,2610.30,0,0.00
525,"BLACK RECORD COVER FRAME",47261,164768.31,0,0.00
1586,"RED RETROSPOT SHOPPING BAG",2093,5417.31,0,0.00
1553,"SPACE OWL",1035,1281.75,0,0.00
1102,"SWISS CHALET TREE DECORATION ",5631,2472.63,0,0.00
1952,"HEART CALCULATOR",4732,6182.36,0,0.00
1839,"FORKED CACTUS CANDLE",406,1296.34,0,0.00
1994,"ZINC HEART LATTICE CHARGER LARGE",208,870.32,0,0.00
1993,"CAMOUFLAGE EAR MUFF HEADPHONES",216,1494.28,0,0.00
1561,"FUNKY WASHING UP GLOVES ASSORTED",4020,8451.68,0,0.00
1992,"PARTY FOOD SHOPPER BAG",1600,1878.52,0,0.00
351,"JUMBO BAG OWLS",45845,92258.39,0,0.00
495,"SWIRLY CIRCULAR RUBBERS IN BAG",1890,716.72,0,0.00
105,"EDWARDIAN PARASOL NATURAL",16389,95372.63,0,0.00
2078,"SMALL PINK GLASS SUNDAE DISH",3780,1914.88,0,0.00
2077,"GREEN FERN SKETCHBOOK ",424,1680.32,0,0.00
1342,"BLUE PAISLEY POCKET BOOK",1235,1094.03,0,0.00
2076,"PURPLE PAPER PARASOL",1256,4103.76,0,0.00
503,"MINI FUNKY DESIGN TAPES",5186,3981.06,0,0.00
1947,"GREEN SWEETHEART BRACELET",412,1693.64,0,0.00
2075,"GREEN STONE/CRYSTAL EARRINGS",56,163.80,0,0.00
2074,"TURQ STONE/CRYSTAL EARRINGS",156,455.88,0,0.00
2073,"WHITE FRANGIPANI NECKLACE",156,392.28,0,0.00
2072,"LILY BROOCH OLIVE COLOUR",80,398.40,0,0.00
2071,"CHUNKY CRACKED GLAZE NECKLACE IVORY",16,174.04,0,0.00
2070,"FIRE POLISHED GLASS BRACELET BLACK",24,89.92,0,0.00
2069,"AMBER GLASS/SILVER BRACELET",100,911.56,0,0.00
516,"ORANGE SCENTED SET/9 T-LIGHTS",2410,2052.70,0,0.00
1884,"GREEN BITTY LIGHT CHAIN",779,1546.95,0,0.00
1361,"CACTI T-LIGHT CANDLES",21604,9250.00,0,0.00
2068,"BEADED CRYSTAL HEART BLUE ON STICK",772,715.40,0,0.00
1605,"BEADED PEARL HEART WHITE ON STICK",4008,3635.92,0,0.00
1580,"CREAM SWEETHEART MINI CHEST",7178,90912.30,0,0.00
1958,"PEARL CRYSTAL PUMPKIN T-LIGHT HLDR",5896,9797.20,0,0.00
1429,"WHITE JEWELLED HEART DECORATION",8728,7651.00,0,0.00
2067,"S/4 BLACK MINI ROSE CANDLE IN BOWL",1220,1063.08,0,0.00
2066,"S/4 IVORY MINI ROSE CANDLE IN BOWL",3224,4698.52,0,0.00
1877,"HANGING HEART JAR T-LIGHT HOLDER",50054,65917.62,0,0.00
1801,"NEW BAROQUE BLACK PHOTO ALBUM",118,625.44,0,0.00
2065,"KITCHEN FLOWER POTS WALL PLAQUE",464,2478.36,0,0.00
1081,"SET OF 4 FAIRY CAKE PLACEMATS",892,3388.36,0,0.00
2064,"PINK METAL CHICKEN HEART ",2868,4238.68,0,0.00
53,"WOOD 2 DRAWER CABINET WHITE FINISH",9696,61390.08,0,0.00
462,"4 IVORY DINNER CANDLES SILVER FLOCK",2184,4904.16,0,0.00
661,"SET/12 TAPER CANDLES",2445,2438.01,0,0.00
2063,"SET/6 PINK  BUTTERFLY T-LIGHTS",8392,16048.20,0,0.00
236,"DOORMAT TOPIARY",3630,24138.66,0,0.00
1929,"PINK GREEN EMBROIDERY COSMETIC BAG",133,375.71,0,0.00
2062,"WOVEN BUBBLE GUM CUSHION COVER",640,2690.40,0,0.00
1430,"CHINESE DRAGON PAPER LANTERNS",22392,8615.92,0,0.00
2061,"YELLOW FELT HANGING HEART W FLOWER",348,269.56,0,0.00
2060,"4 GOLD FLOCK CHRISTMAS BALLS",8,26.88,0,0.00
1122,"3 TRADITIONAL COOKIE CUTTERS  SET",5516,11709.64,0,0.00
1366,"3 TRADITIONAl BISCUIT CUTTERS  SET",5516,11709.64,0,0.00
2059,"NOEL GARLAND PAINTED ZINC ",5644,3169.12,0,0.00
2058,"BIRD DECORATION GREEN POLKADOT",3280,2991.24,0,0.00
1418,"HEN HOUSE DECORATION",3828,6586.28,0,0.00
1421,"WOOD STAMP SET BEST WISHES",4089,3860.25,0,0.00
1422,"WOOD STAMP SET HAPPY BIRTHDAY",3812,3893.28,0,0.00
2057,"MIRROR MOSAIC CANDLE PLATE",1152,1374.84,0,0.00
217,"BOUDOIR SQUARE TISSUE BOX",7979,4016.51,0,0.00
1909,"MOTORING TISSUE BOX",7341,3297.57,0,0.00
1377,"TEA PARTY BIRTHDAY CARD",17616,7555.32,0,0.00
205,"PACK OF 12 RED RETROSPOT TISSUES ",26881,8525.61,0,0.00
1817,"SET OF 6 HEART CHOPSTICKS",3264,4583.60,0,0.00
2056,"CAKES AND RABBITS DESIGN FLANNEL ",476,537.96,0,0.00
1751,"PINK VINTAGE PAISLEY PICNIC BAG",10707,19864.97,0,0.00
1604,"PACK OF 6 SANDCASTLE FLAGS ASSORTED",10100,8695.60,0,0.00
708,"IF YOU CAN'T STAND THE HEAT MUG",6508,7382.20,0,0.00
2055,"GREEN  DIAMANTE PEN IN GIFT BOX",304,715.56,0,0.00
2054,"GARLAND WITH HEARTS AND BELLS",1576,7004.88,0,0.00
30,"PANDA AND BUNNIES STICKER SHEET",1668,1453.92,0,0.00
1892,"ALPHABET HEARTS STICKER SHEET",1605,1414.77,0,0.00
1370,"LOVELY BONBON STICKER SHEET",1393,1240.81,0,0.00
1896,"SMALL SILVER TRELLIS CANDLEPOT",932,2795.80,0,0.00
1972,"SMALL HAMMERED SILVER CANDLEPOT ",1492,4573.24,0,0.00
1785,"ASSORTED TUTTI FRUTTI PEN",9890,3325.78,0,0.00
1904,"FLOOR CUSHION ELEPHANT CARNIVAL",277,2881.51,0,0.00
669,"VINTAGE UNION JACK APRON",1662,11994.34,0,0.00
2053,"4 WILDFLOWER BOTANICAL CANDLES",1624,3083.48,0,0.00
1564,"SKULLS  DESIGN  COTTON TOTE BAG",1011,2369.43,0,0.00
2052,"DAIRY MAID LARGE MILK JUG",1504,7635.52,0,0.00
1539,"VINTAGE KID DOLLY CARD ",9996,4201.60,0,0.00
649,"TOADSTOOL MONEY BOX",3283,10240.69,0,0.00
2051,"BLUE EGG  SPOON",7428,1288.72,0,0.00
2050,"FRENCH LAVENDER SCENT HEART",4316,4257.76,0,0.00
2049,"IVORY HANGING DECORATION  BIRD",4464,3867.12,0,0.00
587,"TOAST ITS - HAPPY BIRTHDAY",1652,1983.16,0,0.00
683,"CLASSIC WHITE FRAME",242,725.74,0,0.00
2048,"PINK GOOSE FEATHER TREE 60CM",524,1068.84,0,0.00
2047,"SET OF PICTURE FRAME  STICKERS",540,2373.48,0,0.00
1349,"PARTY METAL SIGN ",13996,21435.72,0,0.00
745,"ANTIQUE GLASS HEART DECORATION ",1329,2869.87,0,0.00
1347,"RED RETROSPOT APRON ",1349,8875.43,0,0.00
1551,"SPACE CADET BLACK",213,263.21,0,0.00
1436,"BLUE CALCULATOR RULER",2636,3343.96,0,0.00
414,"CHRISTMAS LIGHTS 10 SANTAS ",2455,18037.66,0,0.00
584,"CALENDAR IN SEASON DESIGN",2330,6026.86,0,0.00
1460,"BREAD BIN DINER STYLE MINT",1303,20297.37,0,0.00
1959,"BREAD BIN, DINER STYLE, MINT",1303,20297.37,0,0.00
1090,"NEWSPAPER STAND",110,1297.70,0,0.00
1402,"3D TRADITIONAL CHRISTMAS STICKERS",6372,8430.32,0,0.00
2046,"CARD WEDDING DAY",6172,2582.56,0,0.00
2045,"FRENCH BLUE METAL DOOR SIGN 7",2708,3587.00,0,0.00
2044,"FRENCH BLUE METAL DOOR SIGN 2",4004,5556.28,0,0.00
1387,"FRENCH BLUE METAL DOOR SIGN 1",4639,6337.31,0,0.00
1388,"FRENCH BATHROOM SIGN BLUE METAL",5917,10066.33,0,0.00
568,"BUTTON BOX ",7518,13541.30,0,0.00
447,"CERAMIC PIRATE CHEST MONEY BANK",3472,5381.40,0,0.00
654,"WOODEN ROUNDERS GARDEN SET ",5330,50345.18,0,0.00
1093,"WOODEN TREE CHRISTMAS SCANDINAVIAN",20788,8047.36,0,0.00
2043,"CHILDS GARDEN FORK PINK",3460,3006.64,0,0.00
2042,"CHILDS GARDEN TROWEL PINK",2472,2132.64,0,0.00
2041,"SET OF 2 ROUND TINS CAMEMBERT ",1132,3007.08,0,0.00
308,"NATURAL SLATE RECTANGLE CHALKBOARD",12797,22322.77,0,0.00
646,"MEASURING TAPE BABUSHKA RED",1229,3490.83,0,0.00
1598,"GROW YOUR OWN HERBS SET OF 3",662,5614.66,0,0.00
1384,"WATERING CAN GREEN DINOSAUR",5598,10712.90,0,0.00
1385,"WATERING CAN BLUE ELEPHANT",8270,16068.94,0,0.00
2040,"BOTTLE BAG RETROSPOT ",5320,8686.12,0,0.00
542,"AIRLINE BAG VINTAGE WORLD CHAMPION ",1120,5174.96,0,0.00
1405,"GREY FLORAL FELTCRAFT SHOULDER BAG",1122,4344.26,0,0.00
1365,"ALPHABET STENCIL CRAFT",10826,12276.58,0,0.00
651,"PAPER CHAIN KIT LONDON",1860,5455.96,0,0.00
1779,"BLUE POLKADOT LUGGAGE TAG ",1074,1404.94,0,0.00
2079,"ESSENTIAL BALM 3.5g TIN IN ENVELOPE",23536,1582.44,0,0.00
2183,"RED PAPER PARASOL",2580,7290.84,0,0.00
631,"BLUE PAPER PARASOL ",1285,3790.27,0,0.00
2182,"PAIR OF PINK FLOWER CLUSTER SLIDE",212,530.80,0,0.00
2181,"AMBER DIAMANTE EXPANDABLE RING",124,524.12,0,0.00
2180,"BLACK CHUNKY BEAD BRACELET W STRAP",88,798.68,0,0.00
2179,"DROP DIAMANTE EARRINGS PURPLE",100,294.12,0,0.00
2178,"PINK GLASS CHUNKY CHARM BRACELET",40,366.72,0,0.00
2177,"ANT COPPER PINK BOUDICCA BRACELET",256,1275.56,0,0.00
2176,"TURQ+RED BOUDICCA LARGE BRACELET",216,1508.16,0,0.00
2175,"PURPLE GLASS TASSLE BAG CHARM",168,308.16,0,0.00
2174,"AMBER GLASS TASSLE BAG CHARM",56,133.76,0,0.00
2173,"GREEN GLASS TASSLE BAG CHARM",140,319.04,0,0.00
2172,"PURPLE FRANGIPANI HAIRCLIP",112,92.64,0,0.00
2171,"BLACK DIAMOND CLUSTER NECKLACE",16,148.96,0,0.00
2170,"VINTAGE ENAMEL & CRYSTAL EARRINGS",108,538.80,0,0.00
485,"DIAMANTE HAIR GRIP PACK/2 RUBY",103,170.43,0,0.00
2169,"DIAMANTE HAIR GRIP PACK/2 CRYSTAL",180,298.12,0,0.00
2168,"MIDNIGHT BLUE VINTAGE EARRINGS",208,781.28,0,0.00
1565,"FLOWER BURST SILVER RING CRYSTAL",57,213.59,0,0.00
2167,"SMALL ROUND CUT GLASS CANDLESTICK",652,3081.16,0,0.00
2166,"CANDY SPOT EGG WARMER RABBIT",2564,969.28,0,0.00
2165,"CANDY SPOT CUSHION COVER",1356,4519.96,0,0.00
1806,"SCANDINAVIAN 3 HEARTS NAPKIN RING",7752,2802.80,0,0.00
276,"ROMANTIC PINKS RIBBONS ",4893,6108.85,0,0.00
1332,"ROSE 3 WICK MORRIS BOX CANDLE",4617,7172.77,0,0.00
1807,"3 ROSE MORRIS BOXED CANDLES",4536,7237.00,0,0.00
2121,"ROUND PINK HEART MIRROR",340,755.24,0,0.00
1130,"GREEN 3 PIECE POLKADOT CUTLERY SET",10763,43426.73,0,0.00
3025,"CHILDRENS CUTLERY POLKADOT GREEN ",10763,43426.73,0,0.00
2164,"WHITE HAND TOWEL WITH BUTTERFLY",736,1865.20,0,0.00
2132,"HAND TOWEL PALE BLUE W FLOWERS",892,1813.56,0,0.00
2163,"SWEETHEART CARRY-ALL BASKET",24,305.76,0,0.00
1954,"SMALL MARSHMALLOWS PINK BOWL",15056,7965.44,0,0.00
1878,"PACK 6 HEART/ICE-CREAM PATCHES",1879,2256.23,0,0.00
2117,"PACK 3 IRON ON DOG PATCHES",1176,1423.36,0,0.00
74,"TOMATO CHARLIE+LOLA COASTER SET",2054,3639.90,0,0.00
2162,"SET OF 4 POLKADOT COASTERS",696,1250.12,0,0.00
2161,"MEDIUM PINK BUDDHA HEAD ",220,741.80,0,0.00
2160,"PINK/BLUE DISC/MIRROR STRING",2264,976.68,0,0.00
3,"CREAM CUPID HEARTS COAT HANGER",8220,31082.28,0,0.00
2159,"BLUE TV TRAY TABLE ",508,2074.44,0,0.00
523,"CHRISTMAS DECOUPAGE CANDLE",7410,3313.42,0,0.00
1889,"BAG OF SILVER STONES",528,361.48,0,0.00
1742,"ENGLISH ROSE GARDEN SECATEURS",8078,8201.70,0,0.00
1786,"ASS FLORAL PRINT SPIRIT LEVEL ",405,453.19,0,0.00
2158,"50CM METAL STRING WITH  7 CLIPS",904,690.56,0,0.00
1399,"RAINBOW PEGS PHOTO CLIP STRING",1169,765.37,0,0.00
1931,"PAIR PADDED HANGERS PINK CHECK",450,1512.58,0,0.00
1597,"SET/6 BEAD COASTERS GAUZE BAG GOLD",2330,1239.70,0,0.00
2157,"SET/4 2 TONE EGG SHAPE MIXING BOWLS",4,39.80,0,0.00
2156,"PET MUG, GOLDFISH",144,52.40,0,0.00
94,"YELLOW BREAKFAST CUP AND SAUCER",222,274.42,0,0.00
2155,"PINK CHICK EGG WARMER + EGG CUP",784,878.64,0,0.00
1860,"APRON APPLE DELIGHT",1890,9639.98,0,0.00
3638,"ADULT APRON APPLE DELIGHT",1890,9639.98,0,0.00
150,"FRIDGE MAGNETS LES ENFANTS ASSORTED",5512,4584.28,0,0.00
25,"BLUE COAT RACK PARIS FASHION",1890,9153.74,0,0.00
1907,"EASTER TIN BUNNY BOUQUET",4838,8055.18,0,0.00
1397,"ROUND CAKE TIN VINTAGE RED",3674,27790.06,0,0.00
1935,"CARD SUKI BIRTHDAY",10568,4464.28,0,0.00
722,"CHEST OF DRAWERS GINGHAM HEART ",657,11490.19,0,0.00
552,"LANTERN CREAM GAZEBO ",5141,25706.31,0,0.00
86,"CLEAR DRAWER KNOB ACRYLIC EDWARDIAN",26670,36364.26,0,0.00
1378,"CARD CAT AND TREE ",6664,2924.36,0,0.00
1888,"FRENCH TOILET SIGN BLUE METAL",5401,6792.13,0,0.00
1106,"DOORMAT I LOVE LONDON",1459,10739.69,0,0.00
310,"PENS ASSORTED FUNNY FACE",38468,10343.56,0,0.00
1047,"CHRISTMAS MUSICAL ZINC HEART ",11302,5003.02,0,0.00
2904,"MUSICAL ZINC HEART DECORATION ",11302,5003.02,0,0.00
444,"PACK OF 6 BIRDY GIFT TAGS",25345,30740.45,0,0.00
1510,"SPACEBOY TV DINNER TRAY",1216,6564.88,0,0.00
653,"PENCIL CASE LIFE IS BEAUTIFUL",2158,6528.54,0,0.00
242,"GROW YOUR OWN BASIL IN ENAMEL MUG",4218,9234.64,0,0.00
1073,"DOORMAT AIRMAIL ",3213,24230.95,0,0.00
510,"RETROSPOT PARTY BAG + STICKER SET",18057,28322.61,0,0.00
1805,"GOLD MUG BONE CHINA TREE OF LIFE",3128,3961.36,0,0.00
494,"HEART FILIGREE DOVE LARGE",11264,18634.08,0,0.00
620,"T-LIGHT HOLDER HANGING LACE",3372,3345.04,0,0.00
1926,"FRYING PAN RED RETROSPOT",1876,7728.36,0,0.00
2853,"FRYING PAN RED POLKADOT ",1876,7728.36,0,0.00
160,"BLUE DINER WALL CLOCK",3826,32842.16,0,0.00
1395,"PICTURE FRAME WOOD TRIPLE PORTRAIT",4279,27957.65,0,0.00
2154,"MIRROR MOSAIC VOTIVE HOLDER",5752,8212.68,0,0.00
1357,"SPACEBOY BIRTHDAY CARD",32848,13635.96,0,0.00
1750,"SCANDINAVIAN PAISLEY PICNIC BAG",10899,20016.77,0,0.00
241,"I'M ON HOLIDAY METAL SIGN",9508,20159.12,0,0.00
1514,"KEY FOB , BACK DOOR ",7381,5156.41,0,0.00
253,"SNOWFLAKE PORTABLE TABLE LIGHT ",2126,6260.10,0,0.00
7,"GLASS STAR FROSTED T-LIGHT HOLDER",2181,10544.27,0,0.00
438,"GIRLS VINTAGE TIN SEASIDE BUCKET",5330,14054.18,0,0.00
1916,"MEDIUM MEDINA STAMPED METAL BOWL ",1241,3797.75,0,0.00
2153,"Dad's Cab Electronic Meter",8,67.76,0,0.00
1482,"FLOWER VINE RAFFIA FOOD COVER",1534,5918.78,0,0.00
371,"12 DAISY PEGS IN WOOD BOX",1404,2416.68,0,0.00
1938,"BLUE PUDDING SPOON",4208,604.76,0,0.00
1745,"CAMPHOR WOOD PORTOBELLO MUSHROOM",742,1024.82,0,0.00
1744,"SMALL CAMPHOR WOOD FIELD  MUSHROOM",490,872.62,0,0.00
2152,"LARGE CAMPHOR WOOD FIELD MUSHROOM ",172,1261.08,0,0.00
539,"MIRRORED WALL ART GENTS",685,800.51,0,0.00
144,"HOME SMALL WOOD LETTERS",985,5680.11,0,0.00
2151,"DINOSAUR HEIGHT CHART STICKER SET",728,2275.92,0,0.00
2150,"SET/4 BADGES BEETLES",1076,1412.76,0,0.00
2149,"DAISIES  HONEYCOMB GARLAND ",1996,3473.76,0,0.00
2148,"BATHROOM METAL SIGN ",1752,2452.56,0,0.00
1413,"DO NOT TOUCH MY STUFF DOOR HANGER ",4817,2757.33,0,0.00
2094,"TOXIC AREA  DOOR HANGER ",5860,3176.60,0,0.00
497,"SET/10 BLUE POLKADOT PARTY CANDLES",16064,19477.20,0,0.00
2147,"NINJA RABBIT BLACK",748,956.96,0,0.00
2146,"ROSE DU SUD WASHBAG ",296,1416.56,0,0.00
1437,"RED FLOCK LOVE HEART PHOTO FRAME",4368,2331.52,0,0.00
1426,"JUMBO BAG SPACEBOY DESIGN",34693,68344.99,0,0.00
2204,"AMAZON FEE",8,55044.36,0,0.00
1792,"NURSE'S BAG SOFT TOY",287,2600.77,0,0.00
1337,"3 GARDENIA MORRIS BOXED CANDLES",2021,3781.33,0,0.00
2234,"RED   ACRYLIC FACETED BANGLE",396,522.04,0,0.00
2233,"GREEN ENAMEL FLOWER HAIR TIE",80,234.84,0,0.00
2232,"GREEN DROP EARRINGS W BEAD CLUSTER",48,160.12,0,0.00
484,"BLACK DIAMANTE EXPANDABLE RING",107,453.11,0,0.00
2231,"DAISY HAIR COMB",76,191.36,0,0.00
2230,"2 DAISIES HAIR COMB",72,210.24,0,0.00
2229,"CRYSTAL SEA HORSE PHONE CHARM",428,245.84,0,0.00
2228,"SILVER BLACK ORBIT BRACELET",52,274.92,0,0.00
2227,"JADE GREEN ENAMEL HAIR COMB",56,112.08,0,0.00
2226,"ROSE COLOUR PAIR HEART HAIR SLIDES",60,225.24,0,0.00
2225,"MIDNIGHT BLUE COPPER FLOWER NECKLAC",44,271.32,0,0.00
2224,"SET/6 EAU DE NIL BIRD T-LIGHTS",1340,2434.12,0,0.00
2223,"BEADED CRYSTAL HEART GREEN LARGE",3336,3041.72,0,0.00
1758,"BEADED CRYSTAL HEART BLUE SMALL",346,461.74,0,0.00
2082,"SET OF 16 VINTAGE SKY BLUE CUTLERY",712,7724.68,0,0.00
222,"S/6 SEW ON CROCHET FLOWERS",443,563.83,0,0.00
264,"BLUE NEW BAROQUE CANDLESTICK CANDLE",1812,2192.84,0,0.00
1953,"BISCUITS SMALL BOWL LIGHT BLUE",5024,2529.04,0,0.00
1853,"SMALL CHOCOLATES PINK BOWL",7442,3831.70,0,0.00
2107,"SMALL DOLLY MIX DESIGN ORANGE BOWL",20340,10352.36,0,0.00
1065,"SILVER CHRISTMAS TREE BAUBLE STAND ",140,2377.20,0,0.00
2222,"PAINTED LIGHTBULB RAINBOW DESIGN",612,394.16,0,0.00
1042,"PAINTED LIGHTBULB STAR+ MOON",726,415.44,0,0.00
2190,"CUPID DESIGN SCENTED CANDLES",900,2036.28,0,0.00
2221,"TEA TIME TEA SET IN GIFT BOX",532,3627.32,0,0.00
2220,"TEA TIME TEAPOT IN GIFT BOX",1520,9442.72,0,0.00
2219,"4 PINK FLOCK CHRISTMAS BALLS",200,358.88,0,0.00
2218,"ENAMEL PINK TEA CONTAINER",1720,2104.88,0,0.00
2187,"VINTAGE BEAD PINK EVENING BAG",2476,3749.00,0,0.00
2217,"NUMBER TILE VINTAGE FONT No ",692,1088.80,0,0.00
2216,"NUMBER TILE VINTAGE FONT 4",400,765.92,0,0.00
2215,"NUMBER TILE VINTAGE FONT 1",396,802.36,0,0.00
1075,"BREAD BIN DINER STYLE RED ",2677,42970.63,0,0.00
643,"CARD PSYCHEDELIC APPLES",10608,4515.68,0,0.00
2214,"T-LIGHT HOLDER SWEETHEART HANGING",3440,6752.88,0,0.00
272,"GREEN DRAWER KNOB ACRYLIC EDWARDIAN",8384,11062.60,0,0.00
1058,"FRENCH BLUE METAL DOOR SIGN No",3974,5236.02,0,0.00
2091,"FRENCH BLUE METAL DOOR SIGN 0",2376,3123.20,0,0.00
2090,"FRENCH BLUE METAL DOOR SIGN 8",2576,3485.96,0,0.00
16,"BOX OF VINTAGE JIGSAW BLOCKS ",3775,21086.89,0,0.00
701,"PACK OF 12 CIRCUS PARADE TISSUES ",8372,2663.80,0,0.00
2213,"PENS ASSORTED FUNKY JEWELED ",20988,4485.92,0,0.00
691,"MINI JIGSAW BAKE A CAKE ",5845,2137.06,0,0.00
2144,"MAGIC DRAWING SLATE BUNNIES ",7064,2684.04,0,0.00
1863,"MAGIC DRAWING SLATE LEAP FROG ",4289,1467.42,0,0.00
2212,"HANGING CHICK GREEN DECORATION",3628,5366.68,0,0.00
1859,"PING MICROWAVE APRON",2037,4282.63,0,0.00
744,"PAPER BUNTING COLOURED LACE",7576,22656.00,0,0.00
1327,"HOME SWEET HOME MUG",21705,27810.57,0,0.00
1139,"BLUE  DIAMANTE PEN IN GIFT BOX",524,1992.12,0,0.00
1485,"SILVER DIAMANTE PEN IN GIFT BOX",706,2265.02,0,0.00
1428,"COSY SLIPPER SHOES LARGE GREEN",594,1938.38,0,0.00
2211,"RIDGED GLASS T-LIGHT HOLDER",1648,1134.04,0,0.00
1125,"COWBOYS AND INDIANS BIRTHDAY CARD ",15060,6328.00,0,0.00
553,"BLUE BIRDHOUSE DECORATION",1696,1178.32,0,0.00
1506,"CLAM SHELL SMALL ",898,1830.28,0,0.00
1864,"PERIWINKLE T-LIGHT HOLDER",193,301.33,0,0.00
1340,"WOODEN HAPPY BIRTHDAY GARLAND",8680,25289.04,0,0.00
2210,"SMALL CHUNKY GLASS ROMAN  BOWL",640,870.72,0,0.00
1984,"WHITE SAGE INCENSE",5728,1348.56,0,0.00
1131,"PAINTED METAL PEARS ASSORTED",18852,31348.32,0,0.00
1595,"LAVENDER SCENTED FABRIC HEART",5500,7282.32,0,0.00
349,"BOOM BOX SPEAKER GIRLS",2257,4695.87,0,0.00
1432,"BOOM BOX SPEAKER BOYS",1211,5247.85,0,0.00
2209,"SET/3 TALL GLASS CANDLE HOLDER PINK",16,356.88,0,0.00
508,"BLUE ROSE FABRIC MIRROR",2393,2845.05,0,0.00
1816,"GLITTER HANGING BUTTERFLY STRING",5272,10925.40,0,0.00
2208,"LARGE PINK GLASS SUNDAE DISH",4052,4631.20,0,0.00
2207,"DAISY SKETCHBOOK ",292,820.16,0,0.00
1455,"PINK POLKADOT BOWL",14729,19030.61,0,0.00
1447,"BLUE POLKADOT BOWL",12493,15948.73,0,0.00
1394,"GREEN POLKADOT BOWL",6326,8157.42,0,0.00
1512,"WHITE TALL PORCELAIN T-LIGHT HOLDER",2797,6407.39,0,0.00
2206,"HOUSE SHAPE PENCIL SHARPENER",12192,1630.88,0,0.00
2205,"TEATIME PUSH DOWN RUBBER",1916,461.20,0,0.00
1876,"SANDALWOOD FAN",8367,7920.51,0,0.00
2237,"75 GREEN FAIRY CAKE CASES",280,411.64,0,0.00
2236,"DOORMAT FRIENDSHIP ",108,1804.44,0,0.00
2235,"GARDENERS KNEELING PAD",4,13.44,0,0.00
1451,"PACK OF 20 SKULL PAPER NAPKINS",9662,8954.50,0,0.00
445,"CERAMIC STRAWBERRY MONEY BOX",3920,10092.68,0,0.00
589,"SKULLS STORAGE BOX SMALL",393,1044.66,0,0.00
2203,"MULTICOLOUR SPRING FLOWER MUG",10176,6783.44,0,0.00
1404,"PEG BAG APPLES DESIGN",6370,16260.14,0,0.00
2852,"PEG BAG APPLE DESIGN",6370,16260.14,0,0.00
2239,"CHILDS GARDEN RAKE BLUE",828,1987.96,0,0.00
207,"BABUSHKA LIGHTS STRING OF 10",2094,14708.18,0,0.00
1545,"SNOWSTORM PHOTO FRAME FRIDGE MAGNET",2367,2006.19,0,0.00
502,"HEART T-LIGHT HOLDER ",322,484.78,0,0.00
2238,"COUNTRY COTTAGE  DOORSTOP GREEN",4,33.88,0,0.00
1488,"GLITTER BUTTERFLY CLIPS",4531,12347.57,0,0.00
1140,"36 PENCILS TUBE SKULLS",7206,9612.70,0,0.00
2240,"SET/6 FROG PRINCE T-LIGHT CANDLES",1916,3180.08,0,0.00
346,"PINK UNION JACK  LUGGAGE TAG",1415,1949.75,0,0.00
1489,"VINTAGE UNION JACK MEMOBOARD",13104,92199.56,0,0.00
330,"SET 12 LAVENDER  BOTANICAL T-LIGHTS",3063,8379.21,0,0.00
765,"LOLITA  DESIGN  COTTON TOTE BAG",721,1677.13,0,0.00
62,"JUMBO BAG CHARLIE AND LOLA TOYS",7758,19491.94,0,0.00
2242,"WATERING CAN SINGLE HOOK PISTACHIO",4,13.44,0,0.00
2241,"DOORSTOP FOOTBALL DESIGN",612,2174.60,0,0.00
268,"TEA TIME TABLE CLOTH",750,7098.30,0,0.00
2244,"NUMBER TILE COTTAGE GARDEN 7",252,596.36,0,0.00
2130,"FRENCH BLUE METAL DOOR SIGN 6",2840,3892.60,0,0.00
2243,"FRENCH BLUE METAL DOOR SIGN 4",2964,4097.12,0,0.00
1735,"SET/3 FLORAL GARDEN TOOLS IN BAG",13,103.35,0,0.00
107,"BLUE OWL SOFT TOY",2053,6162.27,0,0.00
556,"CLASSIC FRENCH STYLE BASKET NATURAL",2089,8860.43,0,0.00
2275,"CLASSIC FRENCH STYLE BASKET GREEN ",1376,5990.88,0,0.00
2131,"SMALL RED RETROSPOT WINDMILL",12300,15067.72,0,0.00
1560,"CITRONELLA CANDLE GARDEN POT",6629,12073.85,0,0.00
1986,"CITRONELLA CANDLE FLOWERPOT",3180,7346.56,0,0.00
2141,"WOODLAND  STICKERS",3472,3145.24,0,0.00
1555,"WOODLAND DESIGN  COTTON TOTE BAG",2998,6662.54,0,0.00
1143,"RED POLKADOT COFFEE  MUG",6131,2924.70,0,0.00
124,"HANGING MEDINA LANTERN SMALL",332,1062.28,0,0.00
1942,"SET/4 DAISY MIRROR MAGNETS",1980,772.12,0,0.00
2274,"ANTIQUE CREAM CUTLERY SHELF ",116,1019.92,0,0.00
1987,"SMALL GLASS SUNDAE DISH CLEAR",2956,3937.88,0,0.00
2273,"BLUE  TILE HOOK",396,1131.16,0,0.00
466,"CHRYSANTHEMUM NOTEBOOK",678,1133.26,0,0.00
2272,"QUEEN OF THE SKIES HOLIDAY PURSE ",100,265.04,0,0.00
1920,"PAPER POCKET TRAVELING FAN ",26365,3360.22,0,0.00
2271,"LETTER "Z" BLING KEY RING",88,47.36,0,0.00
2270,"LETTER "P" BLING KEY RING",156,80.92,0,0.00
1134,"LETTER "M" BLING KEY RING",241,200.53,0,0.00
2269,"LETTER "K" BLING KEY RING",312,242.80,0,0.00
2268,"JET BLACK LAS VEGAS NECKLACE 45CM",36,213.04,0,0.00
2267,"VINTAGE ROSE BEAD BRACELET RASPBERR",300,1262.92,0,0.00
2266,"CRYSTAL HOOP EARRING FLORAL LEAF",88,258.32,0,0.00
2265,"DAISY HAIR BAND",340,561.32,0,0.00
2264,"GLASS BEAD HOOP EARRINGS BLACK",24,70.64,0,0.00
2263,"FILIGREE DIAMANTE EARRINGS",52,220.08,0,0.00
2262,"SILVER M.O.P ORBIT BRACELET",152,788.36,0,0.00
2261,"ANTIQUE OPAL WHITE FLOWER EARRINGS",20,84.52,0,0.00
2260,"MINI  ZINC GARDEN DECORATIONS ",3364,1336.12,0,0.00
2259,"S/4 PINK FLOWER CANDLES IN BOWL",3688,6863.60,0,0.00
2258,"LA PALMIERA TILE HOOK",192,209.00,0,0.00
1438,"SCENTED CANDLE IN DIGITALIS TIN",234,525.16,0,0.00
1523,"CLASSICAL ROSE CANDLESTAND",800,678.80,0,0.00
2257,"GREETING CARD, STICKY GORDON",980,283.12,0,0.00
1334,"WHITE BAMBOO RIBS LAMPSHADE",3288,2704.32,0,0.00
2256,"PIG MUG IN TWO COLOUR DESIGNS",636,521.08,0,0.00
1922,"HANGING FAIRY CAKE DECORATION",3282,5941.40,0,0.00
23,"RED COAT RACK PARIS FASHION",1416,6732.20,0,0.00
2255,"NUMBER TILE COTTAGE GARDEN 5",240,582.00,0,0.00
85,"RED DRAWER KNOB ACRYLIC EDWARDIAN",9220,11742.00,0,0.00
317,"CARD BIRTHDAY COWBOY",13972,5673.00,0,0.00
2254,"VINTAGE UNION JACK SHOPPING BAG",900,4308.12,0,0.00
1046,"CHRISTMAS MUSICAL ZINC STAR",7827,3883.79,0,0.00
294,"MAGIC DRAWING SLATE BAKE A CAKE ",7220,2613.32,0,0.00
2253,"DOORSTOP RACING CAR DESIGN",492,1093.84,0,0.00
247,"SET OF 9 HEART SHAPED BALLOONS",11094,13864.50,0,0.00
1537,"LOVE GARLAND PAINTED ZINC ",1824,3330.32,0,0.00
1844,"FELT FARM ANIMAL CHICKEN",1167,1580.35,0,0.00
2246,"PACK/12 XMAS FUN CARD",572,1571.76,0,0.00
3808,"PACK OF 12 CHRISTMAS FUN CARDS",572,1571.76,0,0.00
678,"BIRTHDAY CARD, RETRO SPOT",10456,4429.32,0,0.00
109,"GLASS CLOCHE SMALL",3265,12704.19,0,0.00
1390,"GLASS BELL JAR SMALL",3265,12704.19,0,0.00
1798,"PINK DOG BOWL",2197,3694.51,0,0.00
1969,"DOORMAT HOME SWEET HOME BLUE ",6484,39838.40,0,0.00
2329,"CERAMIC LOVE HEART MONEY BANK",2928,1864.72,0,0.00
1096,"SET OF 4 NAPKIN CHARMS INSTRUMENT",558,1220.02,0,0.00
1403,"SEASIDE FLYING DISC",2021,2507.37,0,0.00
2328,"MINI JIGSAW LEAP FROG",2016,809.48,0,0.00
2327,"MINI JIGSAW GO TO THE FAIR",1612,659.36,0,0.00
458,"RED TEA TOWEL CLASSIC DESIGN",2552,3063.84,0,0.00
193,"DOG BOWL CHASING BALL DESIGN",5485,21604.83,0,0.00
1765,"SILVER MUG BONE CHINA TREE OF LIFE",4756,5820.48,0,0.00
1472,"HANGING CHICK  YELLOW DECORATION",4558,6438.34,0,0.00
1544,"FELT FARM ANIMAL WHITE BUNNY ",6264,2964.92,0,0.00
188,"RETROSPOT LAMP",1360,14484.16,0,0.00
660,"STRING OF STARS CARD HOLDER",318,1018.58,0,0.00
670,"SWALLOW SQUARE TISSUE BOX",6443,2962.03,0,0.00
1739,"VINTAGE CARAVAN GREETING CARD ",5868,2494.48,0,0.00
1126,"RING OF ROSES BIRTHDAY CARD",7400,3069.40,0,0.00
1934,"GLITTER CHRISTMAS STAR ",9898,4276.38,0,0.00
578,"WHITE CHRISTMAS GARLAND STARS TREES",904,3335.12,0,0.00
1885,"RAIN PONCHO ",1651,1080.99,0,0.00
2326,"LARGE SKULL WINDMILL",364,838.44,0,0.00
2325,"LARGE RED RETROSPOT WINDMILL",7852,15508.36,0,0.00
2324,"EASTER TIN BUCKET",1632,3787.72,0,0.00
666,"MILK BOTTLE WITH GLASS STOPPER ",124,921.64,0,0.00
2323,"GREEN BIRDHOUSE DECORATION",1760,1241.96,0,0.00
1406,"SET/3 RED GINGHAM ROSE STORAGE BOX",12232,48007.80,0,0.00
1508,"COCKLE SHELL DISH",1361,2521.30,0,0.00
2322,"RETROSPOT CANDLE  MEDIUM",1460,1655.52,0,0.00
275,"SET OF 6 GIRLS CELEBRATION CANDLES",2385,3017.05,0,0.00
274,"SET 6 FOOTBALL CELEBRATION CANDLES",2677,3385.17,0,0.00
1368,"PARTY INVITES WOODLAND",4640,3883.04,0,0.00
1644,"ROSE DU SUD OVEN GLOVE",744,2032.60,0,0.00
2118,"DAISY NOTEBOOK ",540,940.76,0,0.00
1557,"GARDEN PATH SKETCHBOOK",497,2008.03,0,0.00
2321,"ASSORTED LAQUERED INCENSE HOLDERS",10180,1823.92,0,0.00
1728,"VANILLA INCENSE IN TIN",8409,3745.13,0,0.00
2320,"ORIGAMI ROSE INCENSE IN TUBE",2140,1071.28,0,0.00
2319,"GREEN ENAMEL FLOWER RING",308,903.36,0,0.00
2318,"PINK MURANO TWIST BRACELET",28,118.92,0,0.00
2317,"PINK CRYSTAL SKULL PHONE CHARM",128,64.88,0,0.00
2316,"DIAMANTE HAIR GRIP PACK/2 PERIDOT",100,165.80,0,0.00
2315,"MURANO STYLE GLASS BRACELET GOLD",60,217.68,0,0.00
2314,"WHITE SILVER NECKLACE SHELL GLASS",8,80.68,0,0.00
1921,"BEADED CRYSTAL HEART GREEN SMALL",478,676.86,0,0.00
1487,"GREEN JUICY FRUIT PHOTO FRAME",386,1073.06,0,0.00
1642,"75 GREEN PETIT FOUR CASES",1501,745.42,0,0.00
1880,"BLUE CIRCLES DESIGN TEDDY",232,640.20,0,0.00
2313,"GREETING CARD, OVERCROWDED POOL.",1080,298.80,0,0.00
2312,"FROSTED WHITE BASE ",380,342.08,0,0.00
336,"VANILLA SCENT CANDLE JEWELLED BOX",5601,10858.17,0,0.00
1791,"OCEAN SCENT CANDLE IN JEWELLED BOX",4121,8012.17,0,0.00
2189,"PINK GLASS CANDLEHOLDER",704,2245.28,0,0.00
743,"POLKADOT MUG PINK ",300,513.00,0,0.00
1606,"3 HEARTS HANGING DECORATION RUSTIC",13908,47944.72,0,0.00
342,"FLOWERS  STICKERS",1034,986.54,0,0.00
1528,"GIFT BAG PSYCHEDELIC APPLES",4744,2929.68,0,0.00
2378,"SUNJAR LED NIGHT NIGHT LIGHT",12,193.56,0,0.00
2377,"LETTER "O" BLING KEY RING",64,27.28,0,0.00
334,"CLEAR ACRYLIC FACETED BANGLE",166,252.14,0,0.00
2376,"DROP EARRINGS W FLOWER & LEAF",40,100.52,0,0.00
2375,"BUTTERFLY HAIR BAND",152,381.68,0,0.00
2374,"ANT COPPER LIME BOUDICCA BRACELET",332,1650.96,0,0.00
2373,"PURPLE LEAVES AND BEADS PHONE CHAR",8,19.88,0,0.00
2372,"GREEN LEAVES AND BEADS PHONE CHARM",8,19.88,0,0.00
1773,"BLUE LEAVES AND BEADS PHONE CHARM",9,16.29,0,0.00
2371,"PINK LEAVES AND BEADS PHONE CHARM",12,29.72,0,0.00
2370,"CLEAR CRYSTAL STAR PHONE CHARM",208,114.28,0,0.00
2369,"FIRE POLISHED GLASS BRACELET GREEN",84,314.76,0,0.00
2368,"FIRE POLISHED GLASS BRACELET MONTAN",44,165.24,0,0.00
2367,"BROWN KUKUI COCONUT SEED NECKLACE",308,366.80,0,0.00
2366,"RED KUKUI COCONUT SEED NECKLACE",488,762.92,0,0.00
2365,"PINK HEARTS LIGHT CHAIN ",1084,2348.80,0,0.00
609,"CHOCOLATE 3 WICK MORRIS BOX CANDLE",2490,4292.78,0,0.00
1541,"MIRROR LOVE BIRD T-LIGHT HOLDER",614,1072.50,0,0.00
2335,"CLEAR LOVE BIRD T-LIGHT HOLDER",368,1057.88,0,0.00
1782,"BLUE ROUND COMPACT MIRROR",389,612.47,0,0.00
1983,"PINK JEWELLED MIRROR TRINKET TRAY",136,842.20,0,0.00
454,"CLASSICAL ROSE SMALL VASE",622,1063.46,0,0.00
1386,"FLYING PIG WATERING CAN",782,1897.30,0,0.00
1592,"DECOUPAGE,GREETING CARD,",1500,664.76,0,0.00
2364,"MAGIC SHEEP WOOL GROWING FROM PAPER",5060,5135.96,0,0.00
2356,"RETRO PLASTIC POLKA TRAY",2828,1153.44,0,0.00
1919,"RETRO PLASTIC 70'S TRAY",1537,717.86,0,0.00
1350,"VINTAGE CREAM 3 BASKET CAKE STAND",1646,16681.06,0,0.00
1822,"ENAMEL BLUE RIM BISCUIT BIN",413,2126.91,0,0.00
1961,"CARD GINGHAM ROSE ",10868,4424.68,0,0.00
2201,"CALENDAR FAMILY FAVOURITES",772,2202.40,0,0.00
229,"TRIPLE PHOTO FRAME CORNICE ",3105,28783.75,0,0.00
1579,"KEY CABINET MA CAMPAGNE",830,8764.98,0,0.00
2126,"BLACK AND WHITE DOG BOWL",4792,10432.32,0,0.00
1819,"FRENCH LAUNDRY SIGN BLUE METAL",3853,6443.05,0,0.00
2363,"WHEELBARROW FOR CHILDREN ",500,6881.04,0,0.00
711,"200 RED + WHITE BENDY STRAWS",3686,4903.22,0,0.00
2362,"EGG CUP NATURAL CHICKEN",3732,2490.96,0,0.00
372,"5 HOOK HANGER RED MAGIC TOADSTOOL",12430,19069.26,0,0.00
2361,"FRYING PAN BLUE POLKADOT",772,2867.20,0,0.00
472,"PLACE SETTING WHITE STAR",9668,4229.12,0,0.00
1574,"PAPER BUNTING VINTAGE PAISLEY",5703,17862.17,0,0.00
2202,"BANQUET BIRTHDAY  CARD  ",6624,2868.48,0,0.00
368,"RED RETROSPOT TAPE",7634,3449.42,0,0.00
84,"WHITE SPOT RED CERAMIC DRAWER KNOB",20137,27324.85,0,0.00
1443,"DINOSAUR LUNCH BOX WITH CUTLERY",5130,12524.82,0,0.00
2360,"RETROSPOT CANDLE  SMALL",1616,1504.72,0,0.00
2359,"WHITE GOOSE FEATHER TREE 60CM ",1140,2302.20,0,0.00
2358,"*Boombox Ipod Classic",4,67.92,0,0.00
622,"CREAM SLICE FLANNEL CHOCOLATE SPOT ",957,2836.59,0,0.00
66,"SET/6 RED SPOTTY PAPER PLATES",35300,27940.68,0,0.00
2088,"VINTAGE NOTEBOOK PARIS DAYS",428,1193.08,0,0.00
557,"CRAZY DAISY HEART DECORATION",1857,1874.81,0,0.00
2390,"IVORY SHELL HEART EARRINGS",40,100.28,0,0.00
1927,"SET OF 16 VINTAGE ROSE CUTLERY",1089,13071.27,0,0.00
2299,"DOORMAT MULTICOLOUR STRIPE",5968,36354.52,0,0.00
1755,"DOORMAT NEIGHBOURHOOD WITCH ",1118,8169.46,0,0.00
2397,"SET OF 16 VINTAGE BLACK CUTLERY",560,6890.96,0,0.00
2396,"3 WICK CHRISTMAS BRIAR CANDLE ",12,63.88,0,0.00
667,"WELCOME  WOODEN BLOCK LETTERS",2111,21177.41,0,0.00
1861,"GINGHAM OVEN GLOVE RED HEART ",21,109.71,0,0.00
2395,"GLASS SPHERE CANDLE STAND MEDIUM",448,2758.12,0,0.00
671,"NO JUNK MAIL METAL SIGN",7787,5285.47,0,0.00
2394,"PINK POODLE HANGING DECORATION ",20,67.20,0,0.00
1103,"BIRD BOX CHRISTMAS TREE DECORATION",113,102.69,0,0.00
2399,"BLACK STITCHED WALL CLOCK",2844,2999.76,0,0.00
2398,"NUMBER TILE VINTAGE FONT 6 ",384,691.12,0,0.00
541,"POTTING SHED SOW 'N' GROW SET",9,55.13,0,0.00
1599,"WHITE CHRISTMAS STAR DECORATION",1842,793.80,0,0.00
2414,"RED ENAMEL FLOWER RING",252,741.68,0,0.00
1498,"AMETHYST DIAMANTE EXPANDABLE RING",93,392.33,0,0.00
2413,"CHUNKY SILVER NECKLACE PASTEL FLOWE",128,1296.04,0,0.00
2412,"RUBY GLASS CLUSTER BRACELET",80,490.56,0,0.00
388,"S/4 VALENTINE DECOUPAGE HEART BOX",6646,12078.18,0,0.00
3387,"SET 4 VALENTINE DECOUPAGE HEART BOX",6646,12078.18,0,0.00
2199,"SET OF 16 VINTAGE RED CUTLERY",640,6945.40,0,0.00
2411,"FOLK FELT HANGING MULTICOL GARLAND",832,2343.44,0,0.00
2410,"SET OF 4 GREEN CAROUSEL COASTERS",140,203.00,0,0.00
2409,"SET OF 4 CAROUSEL PLACEMATS ",364,733.80,0,0.00
2408,"WOVEN ROSE GARDEN CUSHION COVER ",868,3648.12,0,0.00
1052,"BIRTHDAY PARTY CORDON BARRIER TAPE",2047,2637.19,0,0.00
2704,"BIRTHDAY BANNER TAPE",2047,2637.19,0,0.00
148,"FRIDGE MAGNETS US DINER ASSORTED",6360,5701.80,0,0.00
2351,"DOORMAT MERRY CHRISTMAS RED ",2692,20705.00,0,0.00
1862,"CHRISTMAS MUSICAL ZINC TREE",3980,1792.84,0,0.00
427,"MAGIC DRAWING SLATE GO TO THE FAIR ",3416,1401.16,0,0.00
1087,"SET OF 2 ROUND TINS DUTCH CHEESE",1017,2155.19,0,0.00
1955,"PARTY PIZZA DISH GREEN POLKADOT",4148,1526.64,0,0.00
1841,"COFFEE MUG PINK PAISLEY DESIGN",2778,6433.62,0,0.00
2038,"POCKET BAG BLUE PAISLEY RED SPOT",3336,4028.60,0,0.00
2407,"FELT EGG COSY LADYBIRD ",1308,787.28,0,0.00
684,"BLACK DINER WALL CLOCK",266,2519.76,0,0.00
1375,"BANK ACCOUNT  GREETING  CARD ",1284,534.80,0,0.00
737,"CHERRY CROCHET FOOD COVER",1058,4025.06,0,0.00
2406,"PINK POT PLANT CANDLE",816,2515.16,0,0.00
1890,"ABSTRACT CIRCLES SKETCHBOOK ",577,2446.99,0,0.00
2296,"QUEEN OF THE SKIES PASSPORT COVER ",592,1145.56,0,0.00
2405,"TEATIME ROUND PENCIL SHARPENER ",5844,821.68,0,0.00
2460,"BOXED GLASS ASHTRAY",16,39.76,0,0.00
1830,"WHITE GLASS CHUNKY CHARM BRACELET",109,991.47,0,0.00
2459,"PURPLE BERTIE GLASS BEAD BAG CHARM",380,440.12,0,0.00
2458,"AQUA BERTIE GLASS BEAD BAG CHARM",120,192.24,0,0.00
1493,"DIAMANTE BOW BROOCH BLACK COLOUR",44,282.92,0,0.00
2457,"MURANO STYLE GLASS BRACELET RED",56,217.16,0,0.00
2456,"BILI NUT AND WOOD NECKLACE",200,239.56,0,0.00
2455,"S/4 GROOVY CAT MAGNETS",596,700.64,0,0.00
2454,"PINK SCOTTIE DOG W FLOWER PATTERN",540,1290.16,0,0.00
1051,"PINK FLOWER FABRIC PONY",469,1818.67,0,0.00
2453,"BEACH HUT DESIGN BLACKBOARD",164,812.28,0,0.00
1333,"ROSE SCENT CANDLE JEWELLED DRAWER",2129,2945.13,0,0.00
2452,"WOVEN SUNSET CUSHION COVER ",356,1513.16,0,0.00
2451,"WHITE CHRISTMAS FLOCK DROPLET ",100,130.04,0,0.00
2450,"PINK FEATHER CHRISTMAS DECORATION",4,10.04,0,0.00
204,"SET OF 3 BLACK FLYING DUCKS",2321,11800.49,0,0.00
2350,"BAKING MOULD EASTER EGG MILK CHOC",3760,10343.68,0,0.00
2281,"BAKING MOULD HEART WHITE CHOCOLATE",3260,7873.60,0,0.00
717,"BISCUIT TIN VINTAGE RED",2364,15346.84,0,0.00
450,"SWEETHEART WIRE WALL TIDY",919,9291.17,0,0.00
656,"CHILDS BREAKFAST SET SPACEBOY ",3090,29011.70,0,0.00
518,"SET OF 2 TINS JARDIN DE PROVENCE",1014,3932.70,0,0.00
1439,"GROW YOUR OWN FLOWERS SET OF 3",1187,4989.05,0,0.00
1799,"GLASS JAR PEACOCK BATH SALTS",1649,5367.91,0,0.00
2449,"DECORATION , WOBBLY CHICKEN, METAL ",3184,2880.64,0,0.00
3160,"DECORATION WOBBLY CHICKEN",3184,2880.64,0,0.00
2448,"DECORATION , WOBBLY RABBIT , METAL ",4596,4261.56,0,0.00
3155,"DECORATION WOBBLY RABBIT METAL ",4596,4261.56,0,0.00
2200,"WOOD STAMP SET FLOWERS",4036,4496.16,0,0.00
184,"PARTY CONES CARNIVAL ASSORTED",1628,2034.52,0,0.00
2304,"CERAMIC BOWL WITH STRAWBERRY DESIGN",2360,5552.40,0,0.00
1084,"GLITTER CHRISTMAS HEART ",11039,5357.15,0,0.00
2943,"GLITTER HEART DECORATION",11039,5357.15,0,0.00
1481,"PINK FLOWER CROCHET FOOD COVER",950,3598.70,0,0.00
1396,"SET3 BOOK BOX GREEN GINGHAM FLOWER ",4858,20782.02,0,0.00
2447,"OYSTER TRINKET BOX",216,494.64,0,0.00
2446,"STARFISH SOAP DISH",296,759.00,0,0.00
2445,"GLASS CHALICE BLUE SMALL ",2784,1700.32,0,0.00
1415,"MOODY BOY  DOOR HANGER ",4520,2426.12,0,0.00
243,"SET/10 PINK POLKADOT PARTY CANDLES",21330,25991.66,0,0.00
2093,"DOORMAT WELCOME SUNRISE",1488,10746.88,0,0.00
1473,"SET OF 72 SKULL PAPER  DOILIES",3549,5104.93,0,0.00
1053,"CAMOUFLAGE DESIGN TEDDY",6525,13794.75,0,0.00
231,"MIRRORED DISCO BALL ",2607,13805.65,0,0.00
2503,"GOLD/AMBER DROP EARRINGS W LEAF",52,152.72,0,0.00
1776,"BLUE/GREEN SHELL NECKLACE W PENDANT",9,51.79,0,0.00
2502,"PINK BERTIE MOBILE PHONE CHARM",4,13.44,0,0.00
75,"CHARLIE & LOLA WASTEPAPER BIN FLORA",4032,5353.48,0,0.00
1804,"SILVER GLITTER FLOWER VOTIVE HOLDER",5696,1779.28,0,0.00
2344,"BLUE HEART COMPACT MIRROR",516,885.00,0,0.00
2501,"GREEN HEART COMPACT MIRROR",880,1273.24,0,0.00
1769,"HOT BATHS SOAP HOLDER",1988,3456.28,0,0.00
2500,"NUMBER TILE VINTAGE FONT 8",312,507.12,0,0.00
2193,"WOODEN REGATTA BUNTING",1336,8487.96,0,0.00
1452,"200 BENDY SKULL STRAWS",2658,2991.98,0,0.00
2499,"EASTER TREE YELLOW BIRDS",528,3741.56,0,0.00
657,"CAKE PLATE LOVEBIRD WHITE",4237,15565.35,0,0.00
2498,"SET OF 36 DINOSAUR PAPER DOILIES",1340,1996.32,0,0.00
1471,"SKULLS GREETING CARD",7720,3181.08,0,0.00
361,"GREEN POLKADOT PLATE ",4322,7185.98,0,0.00
2497,"PINK  HONEYCOMB PAPER FAN",1996,2232.28,0,0.00
1989,"GOLD EAR MUFF HEADPHONES",152,886.60,0,0.00
1621,"BLUE PAISLEY JOURNAL ",1013,2657.39,0,0.00
2196,"PORCELAIN BUDAH INCENSE HOLDER",6100,632.24,0,0.00
2305,"AMETHYST CHUNKY BEAD BRACELET W STR",132,1191.76,0,0.00
1477,"AMBER CHUNKY GLASS+BEAD NECKLACE",33,392.95,0,0.00
2519,"WHITE  ROSEBUD PEARL BRACELET",152,563.92,0,0.00
2518,"PINK ROSEBUD PEARL BRACELET",108,522.68,0,0.00
2517,"MONTANA DIAMOND CLUSTER EARRINGS",36,96.48,0,0.00
2516,"PINK METAL SWINGING BUNNY",312,274.80,0,0.00
2496,"CHARLIE & LOLA WASTEPAPER BIN BLUE",2668,3408.16,0,0.00
2515,"PINK BITTY LIGHT CHAIN",424,805.24,0,0.00
1486,"BLUE JUICY FRUIT PHOTO FRAME",379,1074.09,0,0.00
1826,"3 WHITE CHOC MORRIS BOXED CANDLES",3804,6585.28,0,0.00
2471,"BLOSSOM IMAGES GIFT WRAP SET",3192,2991.16,0,0.00
345,"PINK B'FLY C/COVER W BOBBLES",141,498.03,0,0.00
3229,"PINK BUTTERFLY CUSHION COVER",141,498.03,0,0.00
2391,"WHITE SOAP RACK WITH 2 BOTTLES",688,3879.20,0,0.00
2514,"PINK GINGHAM CAT WITH SCARF",576,1258.04,0,0.00
1468,"CARROT CHARLIE+LOLA COASTER SET",1890,3104.10,0,0.00
2513,"CD WALL TIDY BLUE OFFICE",412,161.52,0,0.00
2086,"CUBIC MUG PINK POLKADOT",2024,1416.12,0,0.00
2195,"CUBIC MUG FLOCK PINK ON BROWN",700,587.64,0,0.00
1978,"ASSTD MULTICOLOUR CIRCLES MUG",6316,3361.88,0,0.00
1825,"CAT BOWL VINTAGE CREAM",1889,6627.09,0,0.00
2339,"PINK CAT BOWL",1440,2333.32,0,0.00
564,"SET OF 4 NAPKIN CHARMS LEAVES   ",964,1790.88,0,0.00
565,"SET OF 4 NAPKIN CHARMS STARS   ",1080,2395.64,0,0.00
1095,"SET OF 4 NAPKIN CHARMS 3 KEYS ",955,1805.21,0,0.00
1097,"SET OF 4 NAPKIN CHARMS CROWNS ",1203,1935.17,0,0.00
1346,"PEACE SMALL WOOD LETTERS",125,925.59,0,0.00
2512,"MIRRORED DOVE WALL DECORATION",464,1106.88,0,0.00
2511,"PINK  HEART CONFETTI IN TUBE",3864,3553.32,0,0.00
2510,"GOLD TEDDY BEAR",60,170.80,0,0.00
2509,"MR ROBOT SOFT TOY",864,2790.80,0,0.00
1570,"MONEY BOX CONFECTIONERY DESIGN",596,669.76,0,0.00
1509,"PARTY PIZZA DISH RED RETROSPOT",7914,3500.70,0,0.00
2508,"HANGING METAL CHICKEN DECORATION",608,794.08,0,0.00
531,"VINTAGE UNION JACK BUNTING",11164,98239.32,0,0.00
2546,"PINK OVAL SHAPE TRINKET BOX",80,746.56,0,0.00
2112,"ASSORTED TUTTI FRUTTI LARGE PURSE",472,991.20,0,0.00
2545,"GOLD COSMETICS BAG WITH BUTTERFLY",4,8.40,0,0.00
1543,"HAND OPEN SHAPE GOLD",839,2872.99,0,0.00
617,"BLACK TEA TOWEL CLASSIC DESIGN",3313,2998.57,0,0.00
1329,"CHRYSANTHEMUM SKETCHBOOK ",418,1701.70,0,0.00
1943,"SET/4 BIRD MIRROR MAGNETS ",1940,755.48,0,0.00
2488,"DOOR HANGER  MUM + DADS ROOM",820,1322.88,0,0.00
2580,"WHITE DOVE HONEYCOMB PAPER GARLAND",8,26.88,0,0.00
2579,"KEEP OUT GIRLS DOOR HANGER ",4,13.44,0,0.00
2578,"OPULENT VELVET SET/3 CANDLES",8,33.68,0,0.00
2577,"PINK HAWAIIAN PICNIC HAMPER FOR 2",312,2836.96,0,0.00
2342,"PINK REGENCY TEACUP AND SAUCER",23296,70207.04,0,0.00
2576,"COFFEE MUG APPLES DESIGN",11288,25414.20,0,0.00
1141,"GREEN FERN JOURNAL ",709,1767.03,0,0.00
1809,"SEWING BOX RETROSPOT DESIGN ",845,8546.71,0,0.00
1531,"4 SKY BLUE DINNER CANDLES",612,1206.64,0,0.00
1345,"BAKING SET SPACEBOY DESIGN",8933,43409.95,0,0.00
1868,"TABLECLOTH RED APPLES DESIGN ",1221,12118.02,0,0.00
2619,"QUEENS GUARD COFFEE MUG",9724,23397.16,0,0.00
2463,"DOG BOWL VINTAGE CREAM",1560,7031.52,0,0.00
1562,"CHILDS BREAKFAST SET CIRCUS PARADE",2403,20226.94,0,0.00
2626,"BLACK DROP CRYSTAL NECKLACE",52,181.40,0,0.00
2541,"PURPLE ACRYLIC FACETED BANGLE",428,528.20,0,0.00
2537,"GREY ACRYLIC FACETED BANGLE",136,230.20,0,0.00
2283,"BAKING MOULD CHOCOLATE CUPCAKES",3896,10273.36,0,0.00
2341,"BAKING MOULD CHOCOLATE CUP CAKES",3896,10273.36,0,0.00
2549,"BAKING MOULD CUPCAKE CHOCOLATE",3896,10273.36,0,0.00
433,"CUPCAKE LACE PAPER SET 6",9501,18018.87,0,0.00
2280,"BAKING MOULD HEART MILK CHOCOLATE",4436,11397.40,0,0.00
2186,"GROW A FLYTRAP OR SUNFLOWER IN TIN",64976,71709.80,0,0.00
2593,"TEAL/FUSCHIA COL BEAD NECKLACE",76,377.72,0,0.00
2533,"SET OF 3 CAKE TINS PANTRY DESIGN ",29972,152633.56,0,0.00
2532,"SET OF 6 SPICE TINS PANTRY DESIGN",23912,97934.64,0,0.00
2633,"SET OF THREE VINTAGE GIFT WRAPS",4,7.80,0,0.00
774,CARRIAGE,569,28254.00,0,0.00
1043,"BLUE TEA TOWEL CLASSIC DESIGN",1934,2290.94,0,0.00
159,"RED DINER WALL CLOCK",5624,47632.28,0,0.00
2340,"FAWN AND MUSHROOM GREETING CARD",512,248.24,0,0.00
2607,"NUMBER TILE COTTAGE GARDEN 6",260,603.24,0,0.00
375,"COSY SLIPPER SHOES SMALL GREEN",1033,2862.47,0,0.00
154,"VINTAGE UNION JACK CUSHION COVER",1562,8138.46,0,0.00
738,"STRAWBERRY RAFFIA FOOD COVER",2565,8916.11,0,0.00
362,"BLUE POLKADOT PLATE ",9138,15174.18,0,0.00
2087,"VINTAGE KEEPSAKE BOX TRAVELOGUE",328,1767.56,0,0.00
2649,"GOLD DIAMANTE STAR BROOCH",48,239.20,0,0.00
2648,"PURPLE ENAMEL FLOWER HAIR TIE",88,257.12,0,0.00
2647,"PURPLE ENAMEL FLOWER RING",276,810.04,0,0.00
1957,"ASSORTED CHEESE FRIDGE MAGNETS",892,722.84,0,0.00
2646,"CANDY SPOT HAND BAG",1036,2139.32,0,0.00
1761,"HELLO SAILOR BLUE SOAP HOLDER",732,1397.64,0,0.00
1503,"AMETHYST HOOP EARRING FLORAL LEAF",49,143.39,0,0.00
1829,"CRYSTAL DIAMANTE EXPANDABLE RING",141,598.77,0,0.00
2654,"WHITE ROSEBUD  PEARL EARRINGS",76,189.72,0,0.00
2653,"SILVER DROP EARRINGS WITH FLOWER",72,269.44,0,0.00
2247,"SET/6 BLACK BIRD T-LIGHT CANDLES",860,1267.00,0,0.00
2652,"PINK MONTE CARLO HANDBAG",392,929.32,0,0.00
2651,"NEW BAROQUE JEWELLERY BOX ",212,1787.56,0,0.00
1770,"BLUE CIRCLES DESIGN MONKEY DOLL",265,705.47,0,0.00
2558,"ASSTD COL BUTTERFLY/CRYSTAL W/CHIME",1836,875.48,0,0.00
2113,"COFFEE SCENT PILLAR CANDLE",1300,1346.96,0,0.00
2103,"HANGING PHOTO CLIP ROPE LADDER",2992,5109.88,0,0.00
721,"FRENCH BLUE METAL DOOR SIGN 5",3396,4666.16,0,0.00
1446,"CAKE STAND WHITE TWO TIER LACE",1376,9919.56,0,0.00
1897,"ROBIN CHRISTMAS CARD",43,21.34,0,0.00
1145,"SET OF 4 ROSE BOTANICAL CANDLES",3589,5811.71,0,0.00
1326,"LADYBIRD + BEE RAFFIA FOOD COVER",499,1931.89,0,0.00
2309,"ZINC TOP  2 DOOR WOODEN SHELF ",52,1080.32,0,0.00
2134,"WHITE AND BLUE CERAMIC OIL BURNER",768,1135.72,0,0.00
2665,"LAVENDER SCENT CAKE CANDLE",2496,662.40,0,0.00
2664,"BLACK GLASS BRACELET W HEART CHARMS",140,698.92,0,0.00
2663,"PINK CRYSTAL+GLASS BRACELET",88,437.92,0,0.00
2662,"GLASS BEAD HOOP EARRINGS MONTANA",12,35.04,0,0.00
2661,"SET/3 POLKADOT STACKING TINS",312,1558.20,0,0.00
1911,"SET/12 FUNKY FELT FLOWER PEG IN BAG",897,1678.14,0,0.00
2249,"FRENCH ENAMEL WATER BASIN",1644,5092.44,0,0.00
759,"CURIOUS  IMAGES NOTEBOOK SET",731,1095.63,0,0.00
758,"ROMANTIC IMAGES NOTEBOOK SET",1660,2274.40,0,0.00
1463,"COLUMBIAN CANDLE ROUND ",683,851.19,0,0.00
1845,"SMALL POP BOX,FUNKY MONKEY",1641,2283.05,0,0.00
3455,"SMALL POP BOX FUNKY MONKEY",1641,2283.05,0,0.00
1893,"FOLKART STAR CHRISTMAS DECORATIONS",14352,6569.68,0,0.00
2660,"PINK STOCKING CHRISTMAS DECORATION",904,368.84,0,0.00
2632,"ENAMEL PINK COFFEE CONTAINER",2536,2563.68,0,0.00
2282,"BAKING MOULD TOFFEE CUP CHOCOLATE",3536,8003.52,0,0.00
2548,"BAKING MOULD TOFFEE CUP  CHOCOLATE",3536,8003.52,0,0.00
2552,"CHILDS GARDEN FORK BLUE ",3728,3097.16,0,0.00
2553,"CHILDS GARDEN TROWEL BLUE ",2876,2488.40,0,0.00
1470,"CHILDS GARDEN SPADE BLUE",1215,2832.50,0,0.00
2659,"MUG , DOTCOMGIFTSHOP.COM ",20,16.68,0,0.00
1099,"GLITTER CHRISTMAS TREE",3679,1684.87,0,0.00
2658,"PAINTED YELLOW WOODEN DAISY",2448,2067.16,0,0.00
1344,"PORCELAIN ROSE SMALL",6471,5216.55,0,0.00
1419,"PACK OF 12 STICKY BUNNIES",4004,3031.12,0,0.00
2657,"*USB Office Mirror Ball",8,67.76,0,0.00
2656,"GOLD FABRIC MIRROR",720,347.04,0,0.00
2655,"FLORAL PINK MONSTER",172,750.16,0,0.00
2287,"BAKING MOULD ROSE MILK CHOCOLATE",2760,8267.28,0,0.00
2404,"BAKING MOULD EASTER EGG WHITE CHOC",2356,6829.88,0,0.00
1567,"BOTANICAL LAVENDER BIRTHDAY CARD",2028,907.40,0,0.00
2346,"TRIANGULAR POUFFE VINTAGE ",256,4706.40,0,0.00
2672,"RED  EGG  SPOON",5476,742.08,0,0.00
1416,"FILIGRIS HEART WITH BUTTERFLY",15648,19437.52,0,0.00
1124,"MIRRORED WALL ART SKULLS",1220,1870.16,0,0.00
2671,"SET/3 POT PLANT CANDLES",272,1697.84,0,0.00
259,"ASSORTED COLOUR MINI CASES",7129,50827.03,0,0.00
2670,"LETTER "T" BLING KEY RING",96,53.84,0,0.00
2669,"RUBY DROP CHANDELIER EARRINGS",84,333.68,0,0.00
2645,"BLACK BAROQUE WALL CLOCK ",336,3134.72,0,0.00
1820,"WAKE UP COCKEREL CALENDAR SIGN ",325,1398.11,0,0.00
2286,"BAKING MOULD ROSE WHITE CHOCOLATE",1116,3583.88,0,0.00
2612,"SCOTTIES DESIGN WASHBAG",680,1258.20,0,0.00
2527,"MOROCCAN BEATEN METAL DISH LARGE",48,662.96,0,0.00
1857,"ETCHED GLASS COASTER",6520,3361.96,0,0.00
1362,"HANGING BAUBLE T-LIGHT HOLDER SMALL",1184,2673.08,0,0.00
2466,"SILVER PHOTO FRAME",544,1639.32,0,0.00
2682,"PINK ENAMEL FLOWER HAIR TIE",88,257.84,0,0.00
2681,"DROP DIAMANTE EARRINGS BLACK DIAMON",56,164.04,0,0.00
2680,"PINK ROSEBUD PEARL EARRINGS",64,159.92,0,0.00
2679,"GREEN PENDANT SHELL NECKLACE",4,20.36,0,0.00
2678,"TURQ PENDANT TRIPLE SHELL NECKLACE",40,209.24,0,0.00
2677,"FRESHWATER PEARL BRACELET IVORY",20,50.80,0,0.00
2676,"MIDNIGHT BLUE DROP CRYSTAL NECKLACE",44,215.04,0,0.00
2675,"PURPLE CRYSTAL DROP EARRINGS",12,35.04,0,0.00
2417,"SET OF 4 BLACK LOVEBIRD COASTERS",1804,2219.12,0,0.00
2416,"SET OF 4 PISTACHIO LOVEBIRD COASTER",1904,2215.20,0,0.00
1970,"BLUE WIRE SPIRAL CANDLE HOLDER",48,330.28,0,0.00
2439,"FRUIT TREE AND BIRDS WALL PLAQUE",164,1394.12,0,0.00
2535,"ORANGE TV TRAY TABLE ",2016,4663.64,0,0.00
2674,"PINK FAIRY CAKE CUSHION COVER",1056,4517.76,0,0.00
2615,"LONDON BUS COFFEE MUG",17468,40899.00,0,0.00
2564,"NUMBER TILE VINTAGE FONT 0",280,409.84,0,0.00
2472,"ASSORTED EASTER GIFT TAGS",4636,3911.04,0,0.00
1393,"BROCANTE SHELF WITH HOOKS",652,7170.28,0,0.00
1363,"BALLOON WATER BOMB PACK OF 35",24187,9561.90,0,0.00
1364,"BALLOON PUMP WITH 10 BALLOONS",3220,6375.24,0,0.00
1082,"OFFICE MUG WARMER PINK",2266,6277.02,0,0.00
720,"DECORATIVE PLANT POT WITH FRIEZE",295,2361.33,0,0.00
2687,"ETCHED GLASS STAR TREE DECORATION",4,5.00,0,0.00
2710,"Dotcomgiftshop Gift Voucher £40.00",12,402.80,0,0.00
2709,"DIAMANTE NECKLACE BLACK ",16,120.48,0,0.00
2708,"MOP PENDANT SHELL NECKLACE",40,198.56,0,0.00
2707,"CRACKED GLAZE EARRINGS BROWN",20,50.12,0,0.00
2706,"BLACK CRYSTAL DROP EARRINGS",48,141.08,0,0.00
2618,"PINK SPOTS CHOCOLATE NESTING BOXES ",560,1446.24,0,0.00
1871,"MULTICOLOUR HONEYCOMB FAN",4897,3546.61,0,0.00
2705,"EASTER CRAFT 4 CHICKS ",7756,15716.60,0,0.00
2481,"PARTY TIME DESIGN FLANNEL",344,301.40,0,0.00
1847,"CERAMIC STRAWBERRY TRINKET TRAY",554,1417.18,0,0.00
470,"COOKING SET RETROSPOT",283,2755.77,0,0.00
2636,"MONEY BOX HOUSEKEEPING DESIGN",948,989.68,0,0.00
2582,"IVORY HANGING DECORATION  EGG",2932,1160.80,0,0.00
1951,"ECONOMY LUGGAGE TAG",636,992.36,0,0.00
2715,"RETRO PLASTIC DAISY TRAY",140,150.44,0,0.00
613," 4 PURPLE FLOCK DINNER CANDLES",590,1198.90,0,0.00
87,"PHOTO CLIP LINE",960,1359.92,0,0.00
642,"PACK 3 FIRE ENGINE/CAR PATCHES",358,496.10,0,0.00
2717,"ACRYLIC HANGING JEWEL,BLUE",1080,427.24,0,0.00
2531,"SET OF 6 HERB TINS SKETCHBOOK",4676,17130.28,0,0.00
1336,"CAKE STAND LOVEBIRD 2 TIER WHITE",929,7446.75,0,0.00
1569,"KIDS RAIN MAC BLUE",5212,4150.96,0,0.00
2565,"HIPPY CHIC DECORATIVE PARASOL",676,3584.04,0,0.00
2630,"SKULLS STORAGE BOX LARGE",348,1281.96,0,0.00
1358,"JOY LARGE WOOD LETTERS",158,964.58,0,0.00
1985,"AFGHAN SLIPPER SOCK PAIR",2076,6762.20,0,0.00
1527,"WRAP, BILLBOARD FONTS DESIGN",15153,6012.26,0,0.00
3133,"WRAP BILLBOARD FONTS DESIGN",15153,6012.26,0,0.00
102,"RETROSPOT LARGE MILK JUG",5473,26940.03,0,0.00
681,"WRAP CHRISTMAS SCREEN PRINT",4375,1216.50,0,0.00
1824,"GLITTER SNOW PEAR TREE DECORATION",82,118.90,0,0.00
2095,"LA PALMIERA TILE COASTER",2836,1106.12,0,0.00
2084,"WOODEN SKITTLES GARDEN SET",1260,18681.44,0,0.00
2436,"HOLLY TOP CHRISTMAS STOCKING",80,68.00,0,0.00
2722,"CAMOUFLAGE DOG COLLAR",4,50.88,0,0.00
2521,"HEN PARTY CORDON BARRIER TAPE",808,990.52,0,0.00
732,"SMALL REGAL  SILVER CANDLEPOT ",1240,3396.72,0,0.00
1802,"SCENTED VELVET LOUNGE CANDLE ",7172,3055.60,0,0.00
364,"PINK  POLKADOT PLATE ",9150,15325.54,0,0.00
3991,"PINK POLKADOT PLATE ",9150,15325.54,0,0.00
1795,"PINK/WHITE RIBBED MELAMINE JUG",13,103.35,0,0.00
2725,"WHITE BIRD GARDEN DESIGN MUG",28,94.52,0,0.00
763,"CHARLIE+LOLA"EXTREMELY BUSY" SIGN",2738,1727.30,0,0.00
161,"IVORY DINER WALL CLOCK",5823,48012.10,0,0.00
1976,"SUNSET CHECK HAMMOCK",768,6629.68,0,0.00
2726,"LARGE ROUND CUTGLASS CANDLESTICK",8,108.56,0,0.00
555,"SET OF 2 WOODEN MARKET CRATES",2108,28812.40,0,0.00
2727,"ICON PLACEMAT POP ART ELVIS",3328,537.48,0,0.00
1971,"S/12 VANILLA  BOTANICAL T-LIGHTS",908,2647.72,0,0.00
2415,"SET/4 COLOURFUL MIXING BOWLS",284,2687.72,0,0.00
350,"6 RIBBONS SHIMMERING PINKS ",5614,4968.58,0,0.00
685,"DOORMAT PEACE ON EARTH BLUE",2826,14126.34,0,0.00
1910,"KENSINGTON COFFEE SET",229,3017.43,0,0.00
2298,"GINGHAM BABUSHKA DOORSTOP",844,1625.96,0,0.00
449,"RETROSPOT BABUSHKA DOORSTOP",1008,1995.80,0,0.00
1113,"GREEN CHRISTMAS TREE STRING 20LIGHT",172,784.20,0,0.00
674,"SILVER GLASS T-LIGHT SET",812,2126.60,0,0.00
2420,"FIRST CLASS LUGGAGE TAG ",608,774.36,0,0.00
1918,"BLUE & WHITE BREAKFAST TRAY",393,1438.35,0,0.00
614,"PINK & WHITE BREAKFAST TRAY",387,1497.21,0,0.00
1434,"SET OF 4 FAIRY CAKE PLACEMATS ",2080,3876.64,0,0.00
2400,"POMPOM CURTAIN",1696,8496.60,0,0.00
2745,"GREETING CARD, TWO SISTERS.",508,215.52,0,0.00
615,"ENGLISH ROSE SPIRIT LEVEL ",3914,3861.42,0,0.00
2628,"POLKADOT COFFEE CUP & SAUCER PINK",6280,5956.04,0,0.00
2550,"SET OF 3 CAKE TINS SKETCHBOOK",4088,18714.84,0,0.00
652,"MEASURING TAPE BABUSHKA BLUE",1825,4901.71,0,0.00
1538,"MEASURING TAPE BABUSHKA PINK",3050,7495.14,0,0.00
108,"BALLOON ART MAKE YOUR OWN FLOWERS",4100,4258.16,0,0.00
2039,"POCKET BAG PINK PAISELY BROWN SPOT",1876,2043.36,0,0.00
2744,"Dotcomgiftshop Gift Voucher £50.00",16,670.24,0,0.00
2586,"FELT FARM ANIMAL HEN",1924,1331.36,0,0.00
2585,"FELT FARM ANIMAL RABBIT",3648,2975.56,0,0.00
2584,"FELT FARM ANIMAL SHEEP",1492,1121.68,0,0.00
2640,"DECORATION WHITE CHICK MAGIC GARDEN",3776,3305.84,0,0.00
2743,"BUNNY DECORATION MAGIC GARDEN",2680,2372.56,0,0.00
582,"GARLAND WOODEN HAPPY EASTER",7914,10570.22,0,0.00
2523,"CANDLE PLATE LACE WHITE",772,1666.40,0,0.00
2571,"MILK PAN BLUE POLKADOT",788,2678.16,0,0.00
2742,"LARGE CRYSTAL DIAMANTE HAIRSLIDE",116,192.84,0,0.00
482,"BLACK SWEETHEART BRACELET",374,1579.82,0,0.00
2741,"SILVER/NAT SHELL NECKLACE W PENDANT",20,115.04,0,0.00
2740,"PURPLE FRANGIPANI NECKLACE",116,290.64,0,0.00
2739,"NEW BAROQUE B'FLY NECKLACE CRYSTAL",20,168.52,0,0.00
2738,"NEW BAROQUE B'FLY NECKLACE MONTANA",8,67.24,0,0.00
2737,"PURPLE VINTAGE EARRINGS",24,100.68,0,0.00
2736,"MIDNIGHT BLUE CRYSTAL DROP EARRINGS",24,70.04,0,0.00
2568,"RED HEARTS LIGHT CHAIN ",2012,4170.64,0,0.00
2644,"WHITE BAROQUE WALL CLOCK ",264,2236.00,0,0.00
2735,"ACRYLIC GEOMETRIC LAMP",140,2274.60,0,0.00
2598,"BOTANICAL LILY GREETING CARD",1708,727.92,0,0.00
1372,"CUTE CATS TAPE",4421,1540.89,0,0.00
1335,"FOLDING UMBRELLA CHOCOLATE POLKADOT",533,2433.87,0,0.00
384,"FOLDING UMBRELLA CREAM POLKADOT",766,3482.14,0,0.00
2603,"FOLDING UMBRELLA BLACKBLUE POLKADOT",640,3054.64,0,0.00
2634,"SUNFLOWER DECORATIVE PARASOL",500,3581.84,0,0.00
2302,"HEART T-LIGHT HOLDER",584,578.08,0,0.00
2638,"SILVER T-LIGHT SETTING",572,3697.16,0,0.00
1354,"CHARLIE+LOLA MY ROOM DOOR SIGN",1618,1013.26,0,0.00
76,"RED CHARLIE+LOLA PERSONAL DOORSIGN",5300,2792.12,0,0.00
762,"BLUE CHARLIE+LOLA PERSONAL DOORSIGN",4170,2350.62,0,0.00
1962,"ROSE 1 WICK MORRIS BOXED CANDLE",3032,4419.44,0,0.00
2348,"4 LAVENDER BOTANICAL DINNER CANDLES",3568,5396.68,0,0.00
2442,"PAINTED PINK RABBIT ",2292,1944.04,0,0.00
2733,"ANTIQUE CREAM CUTLERY CUPBOARD",200,2120.76,0,0.00
2732,"BLUE SCOTTIE DOG W FLOWER PATTERN",720,1726.92,0,0.00
2557,"WHITE STITCHED WALL CLOCK",3388,3253.16,0,0.00
2627,"APRON MODERN VINTAGE COTTON",1976,4575.04,0,0.00
1554,"SPACE CADET WHITE",394,478.62,0,0.00
1552,"SPACE CADET RED",565,690.05,0,0.00
2424,"SILVER FABRIC MIRROR",1832,877.40,0,0.00
2611,"COFFEE MUG PEARS  DESIGN",9320,20547.36,0,0.00
2749,"PINK DOLLY HAIR CLIPS",8,8.40,0,0.00
1949,"4 PEAR BOTANICAL DINNER CANDLES",3288,5153.36,0,0.00
2750,"RASTA IN BATH W SPLIFF ASHTRAY",32,27.20,0,0.00
1138,"SQUARE FLOOR CUSHION VINTAGE RED",293,2759.75,0,0.00
1542,"BLACK LOVE BIRD T-LIGHT HOLDER",807,1414.81,0,0.00
2099,"SILVER OVAL SHAPE TRINKET BOX",100,887.20,0,0.00
2754,"BUNNY EGG GARLAND",2112,1076.68,0,0.00
2753,"BLACK BAROQUE CARRIAGE CLOCK",204,1731.16,0,0.00
2142,"SILVER TEDDY BEAR",256,978.88,0,0.00
509,"THREE CANVAS LUGGAGE TAGS",601,975.91,0,0.00
277,"BRIGHT BLUES RIBBONS ",2233,2845.89,0,0.00
2752,"AMBER BERTIE GLASS BEAD BAG CHARM",44,84.20,0,0.00
2467,"GOLD PHOTO FRAME",864,1866.12,0,0.00
2765,"WHITE ROSEBUD & PEARL NECKLACE",28,210.88,0,0.00
2764,"PINK ROSEBUD & PEARL NECKLACE",48,361.28,0,0.00
2763,"TURQUOISE BERTIE GLASS BEAD CHARM",308,279.40,0,0.00
2762,"PEARL AND CHERRY QUARTZ BRACLET",20,73.08,0,0.00
2761,"TINY CRYSTAL BRACELET GREEN",40,101.12,0,0.00
2609,"NUMBER TILE COTTAGE GARDEN 1",384,984.56,0,0.00
2760,"EASTER DECORATION SITTING BUNNY",8044,3216.16,0,0.00
3384,"DECORATION SITTING BUNNY",8044,3216.16,0,0.00
1407,"SMALL RED RETROSPOT MUG IN BOX ",3803,9458.85,0,0.00
2771,"Dotcomgiftshop Gift Voucher £20.00",40,668.20,0,0.00
2385,"RED RETROSPOT SMALL MILK JUG",9988,24046.04,0,0.00
2770,"Dotcomgiftshop Gift Voucher £30.00",28,702.12,0,0.00
736,"RED FLOWER CROCHET FOOD COVER",1218,4475.06,0,0.00
1974,"RETRO PLASTIC DAISY TRAY",1060,507.92,0,0.00
2184,"SILVER JEWELLED MIRROR TRINKET TRAY",380,2780.92,0,0.00
2779,"RESIN NECKLACE W PASTEL BEADS",36,270.48,0,0.00
1108,"MA CAMPAGNE CUTLERY BOX",680,10766.80,0,0.00
2306,"AMBER CHUNKY BEAD BRACELET W STRAP",52,470.92,0,0.00
2783,"BLACK 3 BEAD DROP EARRINGS",56,163.84,0,0.00
2252,"TIGRIS EYE CHUNKY CHARM BRACELET",92,840.16,0,0.00
2782,"PINK DAISY BAG CHARM",120,298.56,0,0.00
2781,"WHITE SQUARE TABLE CLOCK",420,691.00,0,0.00
1991,"RED RETROSPOT STORAGE JAR",1344,5374.56,0,0.00
1585,"RED RETROSPOT SUGAR JAM BOWL",6088,14789.88,0,0.00
1536,"RED RETROSPOT BUTTER DISH",3902,19104.30,0,0.00
527,"36 PENCILS TUBE RED RETROSPOT",14977,18946.17,0,0.00
2438,"MINI CAKE STAND  HANGING STRAWBERY",5508,8345.96,0,0.00
2505,"FLOWERS TILE HOOK",236,320.64,0,0.00
1600,"CABIN BAG VINTAGE RETROSPOT",995,18908.13,0,0.00
2563,"NUMBER TILE VINTAGE FONT 2",408,790.24,0,0.00
2185,"4 LILY  BOTANICAL DINNER CANDLES",2112,4052.04,0,0.00
1499,"PURPLE GEMSTONE BRACELET",77,500.31,0,0.00
2790,"METALIC LEAVES BAG CHARMS",336,830.44,0,0.00
2685,"SILVER/MOP ORBIT NECKLACE",108,870.36,0,0.00
3892,"SILVER M.O.P. ORBIT NECKLACE",108,870.36,0,0.00
2758,"BOX/12 CHICK & EGG IN BASKET",492,892.44,0,0.00
2129,"POLYESTER FILLER PAD 65CMx65CM",72,306.00,0,0.00
546,"POLYESTER FILLER PAD 45x45cm",4094,6345.70,0,0.00
2307,"BLUE FLOCK CUSHION COVER ",32,80.00,0,0.00
2805,"PINK COMBO MINI CRYSTALS NECKLACE",12,65.24,0,0.00
2567,"PINK BERTIE GLASS BEAD BAG CHARM",460,424.96,0,0.00
2797,"GREEN HEART OF GLASS BRACELET",56,333.16,0,0.00
2507,"WHITE MURANO TWIST BRACELET",40,167.16,0,0.00
2804,"GLASS AND PAINTED BEADS BRACELET OL",52,195.08,0,0.00
1875,"BEADED CRYSTAL HEART PINK LARGE",2265,2285.41,0,0.00
2803,"PINK SQUARE TABLE CLOCK",284,419.36,0,0.00
2089,"PINK/WHITE "KEEP CLEAN" BULLET BIN",308,1147.64,0,0.00
1071,"FEATHER PEN,LIGHT PINK",8308,4337.76,0,0.00
2802,"CANDY HEART HANGING DECORATION",5272,2762.08,0,0.00
1459,"SHOE SHINE BOX ",231,2562.13,0,0.00
2470,"SMALL TALL CAMPHOR WOOD TOADSTOOL",568,871.56,0,0.00
1454,"STRAWBERRY HONEYCOMB  GARLAND ",5173,6465.13,0,0.00
2294,"RED RETROSPOT BIG BOWL",1144,5347.12,0,0.00
2808,"DIAMANTE HAIR GRIP PACK/2 LT ROSE",84,138.76,0,0.00
2807,"LETTER "W" BLING KEY RING",64,27.28,0,0.00
2789,"SET/6 FRUIT SALAD  PAPER PLATES",5036,2324.36,0,0.00
2788,"SET/6 FRUIT SALAD PAPER CUPS",6712,1713.12,0,0.00
280,"PARTY INVITES JAZZ HEARTS",2136,1853.64,0,0.00
2806,"AMBER GLASS/SHELL/PEARL NECKLACE",28,256.16,0,0.00
1855,"UNION FLAG WINDSOCK",1556,1717.76,0,0.00
2813,"PEACH KNITTED HEN ",1260,1265.84,0,0.00
1821,"ENAMEL BLUE RIM COFFEE CONTAINER",609,698.46,0,0.00
2798,"TURQUOISE CRYSTAL+GLASS BRACELET",96,476.92,0,0.00
2812,"JADE CRYSTAL+GLASS BRACELET",24,119.72,0,0.00
2811,"TINY CRYSTAL BRACELET BLUE",20,50.08,0,0.00
2616,"CERAMIC BOWL WITH LOVE HEART DESIGN",2352,2728.04,0,0.00
588,"SET/10 IVORY POLKADOT PARTY CANDLES",4581,5534.61,0,0.00
753,"FAIRY CAKE BIRTHDAY CANDLE SET",1768,6518.96,0,0.00
2403,"ASSORTED EASTER DECORATIONS  BELLS",2276,2918.28,0,0.00
2822,"THE KING GIFT BAG",80,52.00,0,0.00
2827,"VINTAGE ENAMEL & CRYSTAL NECKLACE",40,199.04,0,0.00
486,"DIAMANTE HAIR GRIP PACK/2 MONTANA",61,100.81,0,0.00
2826,"GLASS AND PAINTED BEADS BRACELET TO",60,224.60,0,0.00
2825,"AMBER CRYSTAL DROP EARRINGS",12,35.04,0,0.00
1851,"CREAM FELT EASTER EGG BASKET",3928,6328.52,0,0.00
2353,"SET/4 SPRING FLOWER DECORATION",4592,5556.32,0,0.00
2824,"SILVER/CRYSTAL DROP EARRINGS W LEAF",64,187.04,0,0.00
2493,"RED BOUDICCA LARGE BRACELET",120,838.92,0,0.00
2823,"BLUE CRYSTAL BOOT PHONE CHARM",4,6.64,0,0.00
267,"BREAD BIN DINER STYLE PINK",1308,21089.00,0,0.00
1497,"PAIR OF ENAMEL BUTTERFLY HAIRCLIP",117,390.79,0,0.00
2392,"ROMANTIC IMAGES GIFT WRAP SET",3160,3108.56,0,0.00
1753,"RED RETROSPOT TEA CUP AND SAUCER ",3435,11395.93,0,0.00
1530,"4 ROSE PINK DINNER CANDLES",748,1121.36,0,0.00
1787,"COLUMBIAN CANDLE ROUND",877,534.01,0,0.00
1870,"SET/6 COLLAGE PAPER PLATES",9688,5116.32,0,0.00
723,"RED RETROSPOT CAKE STAND",8083,85800.45,0,0.00
2832,"BLACK BIRD GARDEN DESIGN MUG",424,248.96,0,0.00
2831,"ROSE PENDANT TRIPLE SHELL NECKLACE",16,81.44,0,0.00
2592,"PEARL & SHELL 42"NECKL. GREEN",20,214.48,0,0.00
1558,"BLUE POLKADOT COFFEE MUG",8266,3501.36,0,0.00
2836,"MIRRORED WALL ART POPPIES",1148,1278.84,0,0.00
2835,"FIRE POLISHED GLASS BRACELET RED",32,119.84,0,0.00
2473,"EASTER TIN KEEPSAKE",4516,7462.92,0,0.00
2556,"HANGING SPRING FLOWER EGG LARGE",3792,3294.96,0,0.00
1872,"RETROSPOT PADDED SEAT CUSHION",3014,11496.42,0,0.00
2792,"EASTER DECORATION HANGING BUNNY",7552,2386.00,0,0.00
2843,"RED STONE/CRYSTAL EARRINGS",12,34.80,0,0.00
2701,"SET/3 RABBITS FLOWER SKIPPPING ROPE",508,453.64,0,0.00
2485,"GREEN WIRE STANDING CANDLE HOLDER",152,629.36,0,0.00
2847,"HARDMAN MUG 3 ASSORTED",260,129.68,0,0.00
2848,"POTTING SHED CANDLE CITRONELLA",1620,5072.76,0,0.00
279,"PARTY INVITES FOOTBALL",1976,1827.20,0,0.00
1546,"RED POLKADOT PUDDING BOWL",139,191.86,0,0.00
2849,"PINK CLEAR GLASS CANDLE PLATE",120,159.68,0,0.00
1645,"BLACK AND WHITE CAT BOWL",5453,10740.70,0,0.00
2856,"SET/20 FRUIT SALAD PAPER NAPKINS ",352,573.76,0,0.00
2874,"SILVER LARIAT 40CM",104,655.28,0,0.00
1894,"ASS COLOUR GLOWING TIARAS",1132,867.64,0,0.00
2562,"NUMBER TILE VINTAGE FONT 7",348,585.72,0,0.00
2606,"NUMBER TILE COTTAGE GARDEN No",300,816.76,0,0.00
2872,"2 PICTURE BOOK EGGS EASTER BUNNY",728,1026.16,0,0.00
2875,"BLUE SAVANNAH PICNIC HAMPER FOR 2",1024,9574.36,0,0.00
2830,"MIRROR MOSAIC T-LIGHT HOLDER ROUND",5040,3712.16,0,0.00
1133,"SWALLOWS GREETING CARD",22276,9022.12,0,0.00
2101,"DAISY JOURNAL ",320,870.24,0,0.00
1494,"DIAMANTE BOW BROOCH GREEN COLOUR",125,804.55,0,0.00
1409,"RED RETROSPOT TRADITIONAL TEAPOT ",1934,15106.66,0,0.00
1563,"WOODLAND STORAGE BOX SMALL",1025,2500.42,0,0.00
2666,"WOODLAND STORAGE BOX LARGE ",1384,5604.08,0,0.00
2684,"5 STRAND GLASS NECKLACE AMBER",24,150.48,0,0.00
2879,"LARGE BLUE PROVENCAL CERAMIC BALL",196,452.20,0,0.00
1913,"SET OF 6 T-LIGHTS EASTER CHICKS",1381,4158.43,0,0.00
1343,"PORCELAIN ROSE LARGE ",1211,1412.47,0,0.00
2635,"PINK FLUFFY CHRISTMAS DECORATION",104,31.28,0,0.00
1743,"ASSORTED FLOWER COLOUR "LEIS"",41261,19740.13,0,0.00
2622,"RED PUDDING SPOON",3524,514.52,0,0.00
203,"IVORY EMBROIDERED QUILT ",233,8760.11,0,0.00
2402,"HAWAIIAN GRASS SKIRT ",1296,1521.44,0,0.00
2491,"FLOWER GLASS GARLD NECKL36"AMETHYST",56,443.80,0,0.00
1491,"BABY BOOM RIBBONS ",1535,1938.11,0,0.00
2393,"CURIOUS IMAGES GIFT WRAP SET",2740,2879.36,0,0.00
46,POSTAGE,12640,313198.52,0,0.00
2083,"LARGE STRIPES CHOCOLATE GIFT BAG",2268,2835.00,0,0.00
2115,"GARDENIA 1 WICK MORRIS BOXED CANDLE",900,3103.72,0,0.00
2716,"LOVE HEART TRINKET POT",9020,4204.20,0,0.00
2892,"GLASS BEAD HOOP EARRINGS GREEN",20,58.00,0,0.00
2891,"GLASS CHALICE GREEN  LARGE ",788,1456.88,0,0.00
2893,"WHITE ENAMEL FLOWER HAIR TIE",68,198.60,0,0.00
2862,"EASTER BUNNY WITH BASKET ON BACK",432,290.52,0,0.00
2894,"UNION JACK HOT WATER BOTTLE ",52,559.44,0,0.00
2702,"GREETING CARD,SQUARE, DOUGHNUTS",696,321.84,0,0.00
2711,"WHITE HEART CONFETTI IN TUBE",4116,4033.88,0,0.00
2759,"HANGING SPRING FLOWER EGG SMALL",4788,1956.68,0,0.00
2896,"GREEN METAL SWINGING BUNNY",1276,1112.68,0,0.00
2796,"TURQUOISE HEART OF GLASS BRACELET",36,213.68,0,0.00
2347,"FELT TOADSTOOL LARGE",2628,3347.20,0,0.00
1848,"PAPERWEIGHT CHILDHOOD MEMORIES",1078,1797.06,0,0.00
1369,"PARTY INVITES BALLOON GIRL",1632,1447.36,0,0.00
2428,"SMALL KITCHEN FLOWER POTS PLAQUE",200,1326.00,0,0.00
1128,"CERAMIC CAKE DESIGN SPOTTED MUG",5860,8909.96,0,0.00
2474,"EASTER TIN CHICKS IN GARDEN",1220,2091.72,0,0.00
1915,"S/12 MINI RABBIT EASTER",1349,2227.77,0,0.00
1575,"PARTY INVITES DINOSAURS",2456,2123.12,0,0.00
1932,"SMALL SILVER FLOWER CANDLE POT",1166,3519.22,0,0.00
2430,"BUNNY WOODEN PAINTED WITH BIRD ",4004,3114.52,0,0.00
2631,"4 PINK DINNER CANDLE SILVER FLOCK",528,1059.28,0,0.00
1908,"EASTER TIN CHICKS PINK DAISY",2394,4133.78,0,0.00
2492,"PURPLE BOUDICCA LARGE BRACELET",152,1059.76,0,0.00
2494,"PINK BOUDICCA LARGE BRACELET",152,1058.80,0,0.00
1784,"ASSORTED MONKEY SUCTION CUP HOOK",2613,1045.62,0,0.00
1762,"BATHROOM SET LOVE HEART DESIGN",329,954.87,0,0.00
1476,"BLACK+WHITE NECKLACE W TASSEL",69,518.91,0,0.00
2906,"TINY CRYSTAL BRACELET RED",4,9.92,0,0.00
2905,"RUSTIC WOODEN CABINET, GLASS DOORS",20,699.08,0,0.00
2464,"MIRROR MOSAIC T-LIGHT HOLDER ",6488,3327.36,0,0.00
1529,"WRAP GREEN PEARS ",7682,3226.44,0,0.00
2911,"ORANGE FLOWER MUG ",40,36.24,0,0.00
2382,"RETRO "TEA FOR ONE" ",84,483.96,0,0.00
379,"REX CASH+CARRY JUMBO SHOPPER",7792,7402.40,0,0.00
2913,"MOROCCAN BEATEN METAL DISH",60,640.36,0,0.00
1968,"HALL CABINET WITH 3 DRAWERS",304,10414.12,0,0.00
1917,"MIRROR CORNICE",377,6077.67,0,0.00
1866,"LARGE MEDINA STAMPED METAL BOWL ",732,3743.64,0,0.00
2419,"GOLD STANDING GNOME",424,1592.08,0,0.00
1050,"POLYESTER FILLER PAD 40x40cm",6227,9029.15,0,0.00
601,"BLUE PARTY BAGS ",5933,11316.58,0,0.00
2554,"HAPPY EASTER HANGING DECORATION",976,3783.80,0,0.00
2429,"BUNNY WOODEN PAINTED WITH FLOWER ",2272,1729.84,0,0.00
2857,"MIRRORED WALL ART LADIES",656,576.12,0,0.00
2925,"OOH LA LA DOGS COLLAR",4,63.16,0,0.00
2924,"BLACK DROP EARRINGS W LONG BEADS",40,116.20,0,0.00
2251,"EAU DE NILE JEWELLED T-LIGHT HOLDER",316,281.08,0,0.00
2355,"WHITE BAMBOO RIBS LAMPSHADE",620,716.92,0,0.00
2932,"PINK STRING CURTAIN WITH POLE",120,403.44,0,0.00
1740,"SET OF SKULL WALL STICKERS",382,1103.38,0,0.00
675,"RIDGED GLASS FINGER BOWL",3950,2046.14,0,0.00
2730,"RED POLKADOT BEAKER ",15460,6415.08,0,0.00
726,"PEACE WOODEN BLOCK LETTERS",1411,7114.93,0,0.00
2109,"HEART SHAPE WIRELESS DOORBELL",1788,3208.52,0,0.00
2851,"SET 3 PAPER VINTAGE CHICK PAPER EGG",7112,20094.00,0,0.00
2939,"CHERRY BLOSSOM DECORATIVE FLASK",780,3143.80,0,0.00
2838,"WRAP ALPHABET DESIGN",32004,12913.68,0,0.00
1540,"BLUE POLKADOT WRAP",28108,11385.36,0,0.00
1581,"DINOSAUR PARTY BAG + STICKER SET",2844,4669.24,0,0.00
1754,"MORE BUTTER METAL SIGN ",3050,3307.44,0,0.00
2787,"SET/6 COLLAGE PAPER CUPS",10440,3092.56,0,0.00
2487,"LETTER SHAPE PENCIL SHARPENER",13332,936.00,0,0.00
1453,"SKULLS PARTY BAG + STICKER SET",4142,6735.10,0,0.00
1905,"RABBIT  DESIGN  COTTON TOTE BAG",731,1792.03,0,0.00
2422,"HANGING CHICK CREAM DECORATION",5268,7786.48,0,0.00
1449,"PACK OF 6 SKULL PAPER CUPS",8469,5397.65,0,0.00
2279,"CERAMIC PLATE STRAWBERRY DESIGN",2336,2671.68,0,0.00
1963,"DOLLY HONEYCOMB GARLAND",1900,1948.44,0,0.00
1790,"ROSE SCENT CANDLE IN JEWELLED BOX",1333,5607.01,0,0.00
2583,"FINE SILVER NECKLACE W PASTEL FLOWE",68,381.40,0,0.00
2357,"FLOWER GLASS GARLAND NECKL.36"BLACK",48,381.40,0,0.00
2897,"FLAMES SUNGLASSES PINK LENSES",208,380.40,0,0.00
2953,"COTTON APRON PANTRY DESIGN",2552,11768.72,0,0.00
2957,"GIRLS PARTY BAG",188,577.72,0,0.00
2956,"BOYS PARTY BAG",188,602.20,0,0.00
2837,"WHITE/PINK CHICK DECORATION",1008,1205.04,0,0.00
2623,"MULTICOLOUR RABBIT EGG WARMER",1276,1168.28,0,0.00
1078,"MAGNETS PACK OF 4 CHILDHOOD MEMORY",4632,5418.32,0,0.00
1852,"BLUE FELT EASTER EGG BASKET",1484,2481.40,0,0.00
1479,"12 PENCILS TALL TUBE POSY",15255,4701.55,0,0.00
2561,"NUMBER TILE VINTAGE FONT 9 ",304,499.92,0,0.00
2699,"PINK STRAWBERRY HANDBAG ",240,652.40,0,0.00
1775,"VINTAGE ROSE BEAD BRACELET BLACK",145,613.85,0,0.00
2960,"LARGE ZINC GLASS CANDLEHOLDER",136,464.24,0,0.00
2860,"EASTER BUNNY HANGING GARLAND",272,532.92,0,0.00
2608,"NUMBER TILE COTTAGE GARDEN 4",288,709.84,0,0.00
1850,"75 BLACK PETIT FOUR CASES",244,102.48,0,0.00
2961,"RETRO PILL BOX , REVOLUTIONARY",760,141.32,0,0.00
2696,"WRAP MONSTER FUN ",5028,2111.76,0,0.00
312,"WRAP COWBOYS  ",8253,3402.26,0,0.00
1977,"CHRYSANTHEMUM  JOURNAL",412,1078.72,0,0.00
2434,"BLUE KNITTED HEN ",880,1028.88,0,0.00
2977,"NEW BAROQUE B'FLY NECKLACE RED",32,269.12,0,0.00
2976,"HEART BUTTONS JEWELLERY BOX",272,1424.44,0,0.00
2188,"ENGLISH ROSE SCENTED HANGING FLOWER",2196,2663.80,0,0.00
2950,"SET 2 PANTRY DESIGN TEA TOWELS",11260,36049.08,0,0.00
2245,"SILVER VANILLA  FLOWER CANDLE POT",380,1479.48,0,0.00
1584,"LARGE CAKE STAND  HANGING STRAWBERY",2338,16971.74,0,0.00
2975,"POTTING SHED ROSE CANDLE",1972,6164.44,0,0.00
2979,"PINK ALLIUM  ARTIFICIAL FLOWER",12,20.28,0,0.00
1973,"WHITE CHRYSANTHEMUMS ART FLOWER",220,462.00,0,0.00
2978,"PURPLE FOXGLOVE ARTIIFCIAL FLOWER",44,112.20,0,0.00
455,"HYACINTH BULB T-LIGHT CANDLES",5432,2352.64,0,0.00
2801,"MOROCCAN BEATEN METAL MIRROR",76,1072.40,0,0.00
2723,"BAKING SET 9 PIECE RETROSPOT ",19792,96958.88,0,0.00
155,"SET OF 3 COLOURED  FLYING DUCKS",1769,8460.25,0,0.00
1110,"TABLE LAMP WHITE SHADE WOOD BASE",314,1748.38,0,0.00
2610,"NUMBER TILE COTTAGE GARDEN 3 ",268,653.40,0,0.00
585,"BLUE PAISLEY TISSUE BOX",2701,1304.97,0,0.00
2444,"PAPERWEIGHT HOME SWEET HOME",632,982.32,0,0.00
2900,"2 PICTURE BOOK EGGS EASTER DUCKS",496,663.56,0,0.00
2620,"GREEN ROUND COMPACT MIRROR",576,842.24,0,0.00
680,"RED RETROSPOT WRAP ",42529,17406.18,0,0.00
2995,"GIRAFFE WOODEN RULER",15556,30435.16,0,0.00
2996,"REVOLVER WOODEN RULER ",20944,41519.36,0,0.00
2987,"SET OF 4 PANTRY JELLY MOULDS",50688,66028.92,0,0.00
3008,"PURPLE/BLUE CERAMIC CANDLE HOLDER",16,39.52,0,0.00
2988,"TRAVEL CARD WALLET FLOWER MEADOW",7056,3061.08,0,0.00
2989,"TRAVEL CARD WALLET PANTRY",8044,3627.76,0,0.00
2992,"TRAVEL CARD WALLET TRANSPORT",12684,5476.48,0,0.00
2999,"TRAVEL CARD WALLET VINTAGE TICKET",19252,8399.88,0,0.00
608,"MULTICOLOUR  CONFETTI IN TUBE",1137,1533.49,0,0.00
3007,"SET/6 POSIES PAPER CUPS",564,298.28,0,0.00
3009,"PURPLE/COPPER HANGING LAMPSHADE",88,74.80,0,0.00
3000,"PANTRY ROLLING PIN",9860,38274.92,0,0.00
2990,"TRAVEL CARD WALLET SKULLS",8580,3701.16,0,0.00
2994,"TRAVEL CARD WALLET KEEP CALM",49960,21259.60,0,0.00
3001,"TRAVEL CARD WALLET UNION JACK",10380,4463.72,0,0.00
2998,"TRAVEL CARD WALLET SUKI",9556,4248.00,0,0.00
1759,"SET OF SALT AND PEPPER TOADSTOOLS",9936,12146.40,0,0.00
2850,"SET 3 SONG BIRD PAPER EGGS ASSORTED",4692,13109.24,0,0.00
2604,"NUMBER TILE COTTAGE GARDEN 0 ",256,586.40,0,0.00
2997,"TRAVEL CARD WALLET RETRO PETALS",11840,5121.24,0,0.00
3545,"TRAVEL CARD WALLET VINTAGE LEAF",11840,5121.24,0,0.00
2993,"TRAVEL CARD WALLET RETROSPOT",8788,3832.80,0,0.00
2096,"JIGSAW RABBIT AND BIRDHOUSE",2388,2430.92,0,0.00
3027,"PINK RIVIERA HANDBAG",744,1046.72,0,0.00
2724,"PINK PAPER PARASOL ",1856,5826.88,0,0.00
2476,"JIGSAW TOADSTOOLS 3 PIECE",2760,2417.84,0,0.00
3029,"BEACH HUT SHELF W 3 DRAWERS",324,2017.72,0,0.00
2986,"PANTRY SCRUBBING BRUSH",9464,15659.84,0,0.00
120,"SET 3 WICKER OVAL BASKETS W LIDS",1859,23972.65,0,0.00
2920,"GOLD/M.O.P PENDANT ORBIT NECKLACE",88,738.64,0,0.00
2888,"BEADED CRYSTAL HEART BLUE  LARGE",1932,1755.48,0,0.00
1842,"YELLOW FLOWERS FELT HANDBAG KIT",191,409.22,0,0.00
2443,"PINK POLKADOT GARDEN PARASOL",912,7541.08,0,0.00
3042,"BLUE DROP EARRINGS W BEAD CLUSTER",4,13.28,0,0.00
3041,"CLASSIC DIAMANTE EARRINGS JET",56,163.60,0,0.00
3040,"DIAMANTE NECKLACE",12,93.28,0,0.00
3039,"CLASSIC DIAMANTE NECKLACE JET",12,89.92,0,0.00
3038,"RIVIERA NECKLACE",40,198.36,0,0.00
3037,"ORANGE/WHT/FUSCHIA STONES NECKLACE",32,158.64,0,0.00
3036,"PINK MURANO TWIST NECKLACE",32,318.64,0,0.00
2526,"IVORY SHELL HEART NECKLACE",84,412.52,0,0.00
2921,"SILVER/M.O.P PENDANT ORBIT NECKLACE",68,422.84,0,0.00
3017,"RASPBERRY ANT COPPER FLOWER NECKLAC",52,311.64,0,0.00
2475,"JIGSAW TREE WITH WATERING CAN",4192,1923.68,0,0.00
3043,"ANTIQUE RASPBERRY FLOWER EARRINGS",20,83.80,0,0.00
3013,"S/3 PINK SQUARE PLANTERS ROSES",40,352.88,0,0.00
2334,"GIFT BAG BIRTHDAY",3760,2301.68,0,0.00
3059,"BAROQUE BUTTERFLY EARRINGS PINK",12,44.76,0,0.00
3058,"SILVER/BLACK PENDANT ORBIT NECKLACE",12,99.84,0,0.00
566,"SET OF 4 NAPKIN CHARMS CUTLERY",5022,12204.54,0,0.00
2793,"EASTER DECORATION EGG BUNNY ",3344,2692.68,0,0.00
3051,"BUFFALO BILL TREASURE BOOK BOX",7720,16389.12,0,0.00
3047,"TOILET SIGN OCCUPIED OR VACANT",15108,14872.36,0,0.00
3050,"TREASURE ISLAND BOOK BOX",10140,22112.16,0,0.00
1873,"MADRAS NOTEBOOK LARGE ",1085,1503.59,0,0.00
471,"KINGS CHOICE GIANT TUBE MATCHES",2992,6938.40,0,0.00
2846,"GREEN EASTER EGG HUNT START POST",112,227.12,0,0.00
2985,"FROSTED WHITE BASE ",576,136.48,0,0.00
3061,"FELTCRAFT BOY JEAN-PAUL KIT",1812,9133.64,0,0.00
3077,"DOLLCRAFT BOY JEAN-PAUL ",1812,9133.64,0,0.00
3056,"DOLLCRAFT GIRL NICOLE",2948,15055.80,0,0.00
3060,"FELTCRAFT GIRL NICOLE KIT",2948,15055.80,0,0.00
3055,"DOLLCRAFT GIRL AMELIE KIT",4456,22227.16,0,0.00
3062,"FELTCRAFT GIRL AMELIE KIT",4456,22227.16,0,0.00
3090,"DOLLCRAFT GIRL AMELIE",4456,22227.16,0,0.00
3049,"PANTRY WASHING UP BRUSH",16388,25607.88,0,0.00
3067,"PANTRY APPLE CORER",1888,2822.32,0,0.00
3054,"PANTRY PASTRY BRUSH",4620,6180.08,0,0.00
3064,"MOTHER'S KITCHEN SPOON REST ",904,3868.68,0,0.00
3079,"BULL DOG BOTTLE OPENER",3496,19058.00,0,0.00
3071,"RECYCLED ACAPULCO MAT PINK",1460,13050.28,0,0.00
3084,"Dotcomgiftshop Gift Voucher £10.00",36,299.88,0,0.00
2766,"PINK/FLOWER RABBIT EGG WARMER ",476,403.04,0,0.00
3069,"MUM'S KITCHEN CLOCK",488,2484.36,0,0.00
2863,"BLUE EASTER EGG HUNT START POST",44,103.24,0,0.00
2845,"YELLOW EASTER EGG HUNT START POST",304,601.52,0,0.00
2433,"LARGE TORTILLA DESIGN RED BOWL",312,618.72,0,0.00
3053,"ABC TREASURE BOOK BOX ",8668,18790.32,0,0.00
3095," SPACEBOY BABY GIFT SET",1996,31034.80,0,0.00
3094,"CIRCUS PARADE BABY GIFT SET",1264,19586.20,0,0.00
2600,"STRIPES DESIGN MONKEY DOLL",156,474.92,0,0.00
3075,"RECYCLED ACAPULCO MAT BLUE",1460,12893.96,0,0.00
1086,"NURSERY A,B,C PAINTED LETTERS",796,3756.60,0,0.00
3096,"I LOVE LONDON BABY GIFT SET",1052,16330.08,0,0.00
2522,"EMPIRE GIFT WRAP",13700,5578.00,0,0.00
1882,"SOMBRERO ",17662,22871.30,0,0.00
232,"DISCO BALL ROTATOR BATTERY OPERATED",999,4233.75,0,0.00
2718,"GLOW IN DARK DOLPHINS",556,116.76,0,0.00
1988,"VINTAGE CARAVAN GIFT WRAP",2600,1092.00,0,0.00
1458,"BLACK TEA,COFFEE,SUGAR JARS",1814,3146.10,0,0.00
3098,"ENGLISH ROSE NOTEBOOK A6 SIZE",1596,746.24,0,0.00
3100,"BLUE POLKADOT BEAKER ",11376,4565.60,0,0.00
2757,"SILVER FISHING GNOME ",208,1678.08,0,0.00
1049,"POLYESTER FILLER PAD 45x30cm",415,601.75,0,0.00
2700,"SMALL SKULL WINDMILL",1940,2582.44,0,0.00
3052,"GYMKHANNA TREASURE BOOK BOX",7356,16345.48,0,0.00
3063,"GYMKHANA TREASURE BOOK BOX",7356,16345.48,0,0.00
1518,"RED DAISY POCKET BOOK ",669,578.01,0,0.00
3097,"DOLLY GIRL BABY GIFT SET",1740,27014.04,0,0.00
3106,"DOORMAT CHRISTMAS VILLAGE",2360,13416.88,0,0.00
559,"SMALL STRIPES CHOCOLATE GIFT BAG ",3484,2391.64,0,0.00
2289,"MEDINA STAMPED METAL STOOL",140,5406.56,0,0.00
2596,"JARDIN ETCHED GLASS SMALL BELL JAR",180,684.44,0,0.00
2929,"BLUE CUSHION COVER WITH FLOWER",232,1527.12,0,0.00
2949,"ICE CREAM DESIGN GARDEN PARASOL",960,5719.28,0,0.00
2085,"CUBIC MUG FLOCK BLUE ON BROWN",524,312.36,0,0.00
3074,"RECYCLED ACAPULCO MAT TURQUOISE",2616,23797.36,0,0.00
3073,"RECYCLED ACAPULCO MAT GREEN",1988,17146.20,0,0.00
3070,"RECYCLED ACAPULCO MAT RED",1824,15587.36,0,0.00
1456,"SET OF 6 T-LIGHTS WEDDING CAKE ",1046,2725.86,0,0.00
2689,"EAU DE NILE JEWELLED PHOTOFRAME",420,941.40,0,0.00
3107,"WIRE FLOWER T-LIGHT HOLDER",4,5.00,0,0.00
2276,"PURPLE LAS VEGAS BRACELET ROUND",28,105.00,0,0.00
3111,"RUBY GLASS NECKLACE 42"",4,30.00,0,0.00
3110,"MONTANA DIAMOND CLUSTER NECKLACE",16,150.64,0,0.00
3015,"WHITE VINTAGE CRYSTAL BRACELET",36,243.00,0,0.00
3065,"CLOCK MAGNET MUM'S KITCHEN",1296,3721.92,0,0.00
2901,"2 PICTURE BOOK EGGS EASTER CHICKS",684,888.88,0,0.00
1903,"BATHROOM SCALES RUBBER DUCKS",173,591.15,0,0.00
1474,"SPACEBOY GIFT WRAP",26258,10756.36,0,0.00
2551,"WRAP CIRCUS PARADE",11708,4853.36,0,0.00
2284,"WRAP I LOVE LONDON ",18004,7097.68,0,0.00
2602,"ASSTD FRUIT+FLOWERS FRIDGE MAGNETS",9648,2550.24,0,0.00
2719,"METAL SIGN,CUPCAKE SINGLE HOOK",292,384.36,0,0.00
3121,"AMETHYST 3 BEAD DROP EARRINGS",20,58.00,0,0.00
3019,"GLASS BEAD HOOP NECKLACE MONTANA",12,101.28,0,0.00
3072,"RECYCLED ACAPULCO MAT LAVENDER",1188,10485.72,0,0.00
1077,"MAGNETS PACK OF 4 HOME SWEET HOME",5612,2942.28,0,0.00
1964,"PINK KNITTED EGG COSY",588,306.76,0,0.00
1827,"4 BLUE DINNER CANDLES SILVER FLOCK",364,947.48,0,0.00
1945,"FRENCH STYLE EMBOSSED HEART CABINET",104,2285.72,0,0.00
3123,"GREEN MURANO TWIST NECKLACE",44,438.16,0,0.00
1925,"BISCUIT TIN VINTAGE GREEN",1806,11658.58,0,0.00
2423,"BLUE POLKADOT GARDEN PARASOL",800,6673.96,0,0.00
2388,"SILVER STANDING GNOME   ",176,869.44,0,0.00
3134,"SET OF 5 PANCAKE DAY MAGNETS",9284,19087.04,0,0.00
3136,"SET OF 5 MINI GROCERY MAGNETS",6688,13751.40,0,0.00
3137,"KNICKERBOCKERGLORY MAGNET ASSORTED ",8932,7658.92,0,0.00
3135,"SET OF 4 JAM JAR MAGNETS",10928,23629.44,0,0.00
3126,"DOUGHNUT LIP GLOSS ",41660,54883.08,0,0.00
3127,"ICE CREAM SUNDAE LIP GLOSS",32400,39863.04,0,0.00
2613,"ROUND WHITE CONFETTI IN TUBE",432,758.72,0,0.00
1532,"TWO DOOR CURIO CABINET",850,10335.30,0,0.00
1603,"LUSH GREENS RIBBONS",230,297.18,0,0.00
3139,"SET OF 5 LUCKY CAT MAGNETS ",10540,22071.96,0,0.00
3128,"ICE CREAM PEN LIP GLOSS ",27324,34213.36,0,0.00
773,"DOCTOR'S BAG SOFT TOY",748,7169.00,0,0.00
3146,"GOLDIE LOOKING MIRROR",68,336.60,0,0.00
156,"SET OF 3 GOLD FLYING DUCKS",512,1844.00,0,0.00
3145,"SMALL TAHITI BEACH BAG",16,74.40,0,0.00
141,"LIGHT GARLAND BUTTERFILES PINK",5593,20896.65,0,0.00
142,"WOODEN OWLS LIGHT GARLAND ",6369,23929.69,0,0.00
1858,"BUTTERFLY CROCHET FOOD COVER",593,2292.67,0,0.00
2991,"TRAVEL CARD WALLET VINTAGE ROSE ",2168,904.80,0,0.00
1965,"BLUE KNITTED EGG COSY",624,350.24,0,0.00
3150,"CROCHET WHITE RABBIT KEYRING ",152,277.52,0,0.00
3149,"SET OF 12 ROSE BOTANICAL T-LIGHTS",204,613.16,0,0.00
491,"FIRST AID TIN",4668,14966.92,0,0.00
1478,"GINGHAM ROSE WRAP",16445,6858.90,0,0.00
3413,"WRAP GINGHAM ROSE ",16445,6858.90,0,0.00
3129,"OPEN CLOSED METAL SIGN",6564,31755.12,0,0.00
2642,"PINK FELT EASTER RABBIT GARLAND",488,1292.60,0,0.00
2885,"CROCHET ROSE PURSE WITH SUEDE BACK",304,964.96,0,0.00
3156,"BLUE CAT BISCUIT BARREL PINK HEART",264,593.28,0,0.00
2883,"FOUR RABBIT EASTER DECORATIONS",288,419.36,0,0.00
3088,"BULL DOG BOTTLE TOP WALL CLOCK",804,6934.28,0,0.00
2910,"STEEL SWEETHEART ROUND TABLE CREAM",164,2798.52,0,0.00
136,"ORGANISER WOOD ANTIQUE WHITE ",576,4855.20,0,0.00
1840,"SWEETHEART WIRE FRUIT BOWL",833,6534.82,0,0.00
2873,"ASSORTED FARMYARD ANIMALS IN BUCKET",360,298.32,0,0.00
2352,"CUT GLASS T-LIGHT HOLDER OCTAGON",1004,2185.96,0,0.00
1559,"MONSTERS STENCIL CRAFT",5691,7102.23,0,0.00
185,"PARTY CONES CANDY ASSORTED",7132,8615.12,0,0.00
739,"POLKA DOT RAFFIA FOOD COVER",1162,4348.78,0,0.00
2104,"PINK PARTY SUNGLASSES",80,147.04,0,0.00
2944,"PINK JEWELLED PHOTO FRAME ",248,1305.40,0,0.00
2816,"PINK HEART RED HANDBAG",116,304.56,0,0.00
2833,"WRAP DOILEY DESIGN",29108,12033.36,0,0.00
3639,"WRAP  VINTAGE DOILEY ",29108,12033.36,0,0.00
3654,"WRAP  VINTAGE DOILY ",29108,12033.36,0,0.00
3164,"CHILDRENS CUTLERY SPACEBOY ",8460,34701.48,0,0.00
3179,"KIDS CUTLERY SPACEBOY ",8460,34701.48,0,0.00
2880,"HEN HOUSE W FAMILY IN BARN & NEST",204,144.84,0,0.00
3171,SAMPLES,8,252.20,0,0.00
2581,"PINK FLY SWAT",368,254.88,0,0.00
2440,"SPRIG LAVENDER ARTIFICIAL FLOWER",896,641.92,0,0.00
2277,"WRAP DOLLY GIRL",11200,4640.00,0,0.00
3174,"LUNCH BAG ALPHABET DESIGN",31404,53440.80,0,0.00
2418,"EMPIRE DESIGN ROSETTE",16976,14425.68,0,0.00
2814,"SET OF 12 MINI BUNNIES IN A BUCKET",140,294.00,0,0.00
2469,"PINK VINTAGE VICTORIAN EARRINGS",56,164.60,0,0.00
3120,"ELVIS WALLHANGING / CURTAIN",208,279.36,0,0.00
3166,"CHILDRENS CUTLERY CIRCUS PARADE",4060,16405.48,0,0.00
3191,"16 PIECE CUTLERY SET PANTRY DESIGN",1032,15395.44,0,0.00
3377,"16 PC CUTLERY SET PANTRY DESIGN",1032,15395.44,0,0.00
3148,"SET OF 6 NATIVITY MAGNETS ",10280,20680.40,0,0.00
3193,"CHILDRENS TOY COOKING UTENSIL SET",3000,6568.52,0,0.00
2588,"JARDIN ETCHED GLASS FRUITBOWL",496,2542.96,0,0.00
2114,"PINK ROSE WASHBAG",624,2242.48,0,0.00
3194,"BLACK GLASS/SHELL/PEARL NECKLACE",4,36.60,0,0.00
3176,"LUNCH BAG APPLE DESIGN",48732,83647.92,0,0.00
3177,"CHARLOTTE BAG APPLES DESIGN",31904,30967.76,0,0.00
3175,"JUMBO BAG APPLES",59680,121902.60,0,0.00
1912,"PARTY CONES CANDY TREE DECORATION",4782,4931.18,0,0.00
3691,"PARTY CONES CANDY DECORATION",4782,4931.18,0,0.00
3199,"FLOWER GLASS GARLAND NECKL.36"BLUE",36,285.60,0,0.00
2907,"WHITE/PINK CHICK EASTER DECORATION",148,145.32,0,0.00
3173,"JUMBO BAG ALPHABET",53516,111560.68,0,0.00
3181,"LUNCH BAG VINTAGE LEAF DESIGN",25368,41992.04,0,0.00
3172,"CHARLOTTE BAG VINTAGE ALPHABET ",23436,22912.32,0,0.00
3178,"CHARLOTTE BAG ALPHABET  DESIGN",23436,22912.32,0,0.00
2870,"PINK BUTTERFLY CUSHION COVER ",140,693.92,0,0.00
3152,"VINTAGE BEAD COSMETIC BAG ",228,627.40,0,0.00
3203,"COTE D'AZURE NECKLACE",24,119.16,0,0.00
3202,"ORANGE/FUSCHIA STONES NECKLACE",4,19.92,0,0.00
3210,"ROSE DU SUD CUSHION COVER ",236,1030.44,0,0.00
2098,"4 BURGUNDY WINE DINNER CANDLES",228,289.84,0,0.00
2495,"BATHROOM SCALES, TROPICAL BEACH",72,270.00,0,0.00
3187,"LARGE DECO JEWELLERY STAND",1096,13759.76,0,0.00
3340,"LARGE JEWELLERY STAND",1096,13759.76,0,0.00
3230,"BAROQUE BUTTERFLY EARRINGS RED",4,14.92,0,0.00
3163,"CHILDRENS CUTLERY DOLLY GIRL ",6840,27728.64,0,0.00
3180,"KIDS CUTLERY DOLLY GIRL ",6840,27728.64,0,0.00
3204,"TRIPLE HOOK ANTIQUE IVORY ROSE",3204,10620.52,0,0.00
3195,"SMALL DECO JEWELLERY STAND",1036,8551.24,0,0.00
3341,"SMALL JEWELLERY STAND",1036,8551.24,0,0.00
2135,"PAPER CHAIN KIT SKULLS ",2192,6267.96,0,0.00
2105,"POSY CANDY BAG",368,439.84,0,0.00
2720,"YELLOW DRAGONFLY HELICOPTER",76,604.20,0,0.00
3248,"FRENCH LATTICE CUSHION COVER ",1540,1845.80,0,0.00
3247,"HAYNES CAMPER SHOULDER BAG",4,66.52,0,0.00
3246,"FLAG OF ST GEORGE CAR FLAG",108,48.64,0,0.00
3221,"MINIATURE ANTIQUE ROSE HOOK IVORY",8576,7281.84,0,0.00
3266,"MINITURE ANTIQUE ROSE HOOK IVORY",8576,7281.84,0,0.00
3222,"ZINC T-LIGHT HOLDER STARS SMALL",20356,16791.32,0,0.00
2139,"GOLD WASHBAG",108,218.28,0,0.00
2794,"ROSE DU SUD CUSHION COVER",312,1842.32,0,0.00
604,"RIDGED GLASS STORAGE JAR CREAM LID",405,1449.63,0,0.00
457,"COSY HOUR CIGAR BOX MATCHES ",5555,8058.31,0,0.00
464,"GREEN FERN NOTEBOOK",347,569.91,0,0.00
2384,"ABSTRACT CIRCLES POCKET BOOK",648,550.80,0,0.00
2930,"PINK YELLOW PATCH CUSHION COVER",116,723.72,0,0.00
3257,"MULTICOLOUR POLKADOT PLATE",116,121.72,0,0.00
3228,"ZINC T-LIGHT HOLDER STAR LARGE",8336,7917.92,0,0.00
3376,"ZINC T-LIGHT HOLDER STARS LARGE",8336,7917.92,0,0.00
1442,"BIRDS MOBILE VINTAGE DESIGN",759,4606.93,0,0.00
3161,"PINK ROUND COMPACT MIRROR",160,232.64,0,0.00
3130,"WINE BOTTLE DRESSING DARK BLUE",208,51.88,0,0.00
3242,"REGENCY SUGAR TONGS",7328,18060.88,0,0.00
3262,"REGENCY TEA SPOON",5848,7237.92,0,0.00
1856,"FLOOR LAMP SHADE WOOD BASE",133,1260.75,0,0.00
3243,"DOORMAT KEEP CALM AND COME IN",21964,152666.56,0,0.00
3245,"REGENCY TEA STRAINER",5648,20574.76,0,0.00
3237,"HANGING ENGRAVED METAL HEART",1188,4996.44,0,0.00
3190,"GEMSTONE CHANDELIER T-LIGHT HOLDER",3104,7134.08,0,0.00
3192,"BEADED CHANDELIER T-LIGHT HOLDER",3104,7134.08,0,0.00
2748,"PINK CAT FLORAL CUSHION COVER ",100,403.88,0,0.00
2293,"PINK PAISLEY CUSHION COVER ",104,768.56,0,0.00
3198,"ZINC SWEETHEART WIRE LETTER RACK",1052,4082.76,0,0.00
3251,"SET OF 10 LANTERNS FAIRY LIGHT STAR",2324,9539.88,0,0.00
3082,"GLASS AND BEADS BRACELET IVORY",36,134.76,0,0.00
3268,"ZINC WIRE KITCHEN ORGANISER",120,959.88,0,0.00
2621,"PSYCHEDELIC TILE COASTER",1720,780.88,0,0.00
3270,"SPOTTY BUNTING",33892,172731.32,0,0.00
3278,"BUNTING , SPOTTY ",33892,172731.32,0,0.00
3282,"JUMBO BAG PEARS",28284,56789.12,0,0.00
3281,"JUMBO BAG VINTAGE LEAF",43848,87411.24,0,0.00
3283,"JUMBO BAG DOILEY PATTERNS",82012,168271.12,0,0.00
3636,"JUMBO BAG VINTAGE DOILEY ",82012,168271.12,0,0.00
3643,"JUMBO BAG VINTAGE DOILY ",82012,168271.12,0,0.00
281,"PARTY INVITES SPACEMAN",2180,1853.32,0,0.00
1887,"BLUE TRAVEL FIRST AID KIT",165,271.69,0,0.00
3220,"SINGLE ANTIQUE ROSE HOOK IVORY",7480,11020.40,0,0.00
3269,"FOOD COVER WITH BEADS SET 2 ",4060,15136.52,0,0.00
3293,"FOOD COVER WITH BEADS , SET 2 SIZES",4060,15136.52,0,0.00
2605,"NUMBER TILE COTTAGE GARDEN 9",252,552.44,0,0.00
1504,"HANGING BAUBLE T-LIGHT HOLDER LARGE",136,446.64,0,0.00
3227,"IVORY SWEETHEART SOAP DISH",592,1563.00,0,0.00
3295,"CRYSTAL CZECH CROSS PHONE CHARM",100,93.88,0,0.00
3284,"LUNCH BAG DOILEY PATTERN ",52756,85800.68,0,0.00
3637,"LUNCH BAG VINTAGE DOILEY ",52756,85800.68,0,0.00
3644,"LUNCH BAG VINTAGE DOILY ",52756,85800.68,0,0.00
3288,"PAPER LANTERN 9 POINT DELUXE STAR",1396,8445.96,0,0.00
3298,"BUNDLE OF 3 SCHOOL EXERCISE BOOKS  ",6808,11047.60,0,0.00
3299,"BUNDLE OF 3 RETRO NOTE BOOKS",8872,14627.76,0,0.00
3301,"BUNDLE OF 3 RETRO EXERCISE BOOKS",8872,14627.76,0,0.00
3300,"BUNDLE OF 3 ALPHABET EXERCISE BOOKS",14132,24569.16,0,0.00
3224,"IVORY WIRE SWEETHEART LETTER TRAY",540,2047.56,0,0.00
3244,"DOORMAT VINTAGE LEAVES DESIGN ",3976,28013.52,0,0.00
3555,"DOORMAT VINTAGE LEAF",3976,28013.52,0,0.00
3296,"FOLDING BUTTERFLY MIRROR IVORY ",3248,3031.44,0,0.00
3354,"FOLDING MIRROR IVORY ",3248,3031.44,0,0.00
3302,"REGENCY MILK JUG PINK ",12656,38400.60,0,0.00
3303,"REGENCY SUGAR BOWL GREEN",12228,49402.92,0,0.00
3264,"REGENCY CAKE SLICE",2312,10874.60,0,0.00
3309,"RABBIT NIGHT LIGHT",123152,267859.96,0,0.00
3236,"MISTLETOE HEART WREATH CREAM",3772,15360.52,0,0.00
3336,"MISELTOE HEART WREATH WHITE",3772,15360.52,0,0.00
3617,"MISELTOE HEART WREATH CREAM",3772,15360.52,0,0.00
3258,"MISTLETOE HEART WREATH GREEN",3848,15955.92,0,0.00
3337,"MISELTOE HEART WREATH ",3848,15955.92,0,0.00
3304,"REGENCY TEAPOT ROSES ",11080,99675.72,0,0.00
3305,"REGENCY TEA PLATE PINK",15484,25443.64,0,0.00
3306,"REGENCY TEA PLATE GREEN ",24988,40207.96,0,0.00
3307,"REGENCY TEA PLATE ROSES ",27476,44468.20,0,0.00
3331,"PARISIENNE SEWING BOX",1248,15356.96,0,0.00
3318,"PARISIENNE KEY CABINET ",2808,16634.72,0,0.00
3326,"LED TEA LIGHTS",9604,27513.48,0,0.00
3587,"PACK OF SIX LED TEA LIGHTS",9604,27513.48,0,0.00
3347,"ZINC HEART FLOWER T-LIGHT HOLDER",3180,4133.12,0,0.00
1914,"PINK PADDED MOBILE",541,2315.41,0,0.00
2336,"CHERRY BLOSSOM TABLE CLOCK ",32,118.40,0,0.00
3308,"GREEN METAL BOX ARMY SUPPLIES",1936,16186.00,0,0.00
3317,"GREEN METAL BOX TOP SECRET",1936,16186.00,0,0.00
3311,"PARISIENNE JEWELLERY DRAWER ",3252,24408.72,0,0.00
3327,"BELL HEART DECORATION",16320,27437.44,0,0.00
3348,"JINGLE BELL HEART DECORATION",16320,27437.44,0,0.00
3312,"PETIT TRAY CHIC",4188,7039.16,0,0.00
2815,"BLOSSOM  IMAGES NOTEBOOK SET",2048,2731.88,0,0.00
3357,"SET 6 PAPER TABLE LANTERN STARS ",7732,29018.60,0,0.00
2919,"LONG SILVER NECKLACE PASTEL FLOWER",36,457.92,0,0.00
2698,"BLUE BLOSSOM HAIR CLIP",280,327.84,0,0.00
3297,"FOLDING BUTTERFLY MIRROR HOT PINK ",8096,6459.96,0,0.00
3325,"FOLDING MIRROR HOT PINK ",8096,6459.96,0,0.00
3335,"CLASSIC SUGAR DISPENSER",13168,18239.68,0,0.00
3346,"CLASSIC CAFE SUGAR DISPENSER",13168,18239.68,0,0.00
3263,"REGENCY CAKE FORK",6860,8581.20,0,0.00
3271,"EDWARDIAN HEART PHOTO FRAME",640,2838.16,0,0.00
1783,"TROPICAL LUGGAGE TAG",293,424.89,0,0.00
2490,"PINK BUTTERFLY WASHBAG",36,169.16,0,0.00
2574,"SILVER ROCCOCO CHANDELIER",56,2017.28,0,0.00
3360,"KNEELING MAT HOUSEWORK  DESIGN",6176,8778.48,0,0.00
3359,"GARDENERS KNEELING PAD CUP OF TEA ",27308,47262.76,0,0.00
3333,"SMALL CERAMIC TOP STORAGE JAR ",23388,17904.04,0,0.00
2876,"MEDIUM CERAMIC TOP STORAGE JAR",312132,326803.68,0,0.00
3363,"LARGE ANTIQUE WHITE PHOTO FRAME",2100,15094.32,0,0.00
3216,"IVORY SWEETHEART WIRE LETTER RACK ",2232,8382.60,0,0.00
3223,"IVORY WIRE KITCHEN ORGANISER",484,4883.28,0,0.00
3231,"ZINC WIRE SWEETHEART LETTER TRAY",332,1102.48,0,0.00
3358,"GARDENERS KNEELING PAD KEEP CALM ",35300,65428.20,0,0.00
3338,"CLASSIC GLASS SWEET JAR",6232,26684.56,0,0.00
3345,"CLASSIC GLASS COOKIE JAR",6232,26684.56,0,0.00
3330,"PARISIENNE CURIO CABINET",2188,18058.32,0,0.00
2536,"SWEETHEART CREAM STEEL TABLE RECT",108,2474.64,0,0.00
3370,"LILY BROOCH WHITE/SILVER COLOUR",4,19.80,0,0.00
3310,"FOLDING BUTTERFLY MIRROR RED  ",5120,4003.28,0,0.00
3355,"FOLDING MIRROR RED  ",5120,4003.28,0,0.00
3339,"LARGE CERAMIC TOP STORAGE JAR",12472,20590.64,0,0.00
3362,"VINTAGE GLASS T-LIGHT HOLDER",8952,7483.44,0,0.00
3313,"ZINC HERB GARDEN CONTAINER",2364,14900.28,0,0.00
3352,"METAL HERB GERDEN CONTAINER",2364,14900.28,0,0.00
3115,"FLAG OF ST GEORGE CHAIR",152,741.20,0,0.00
3379,"SILVER BLACK ORBIT DROP EARRINGS",48,201.60,0,0.00
3315,"SET OF 10 LED DOLLY LIGHTS",8884,53212.08,0,0.00
3217,"LARGE ZINC HEART WALL ORGANISER",4260,25724.44,0,0.00
3343,"GLASS BON BON JAR",9420,16870.92,0,0.00
3206,"GOLD WINE GOBLET",672,530.88,0,0.00
3324,"SMALL PARISIENNE HEART PHOTO FRAME ",3764,8976.88,0,0.00
3322,"SET 6 PAPER TABLE LANTERN HEARTS ",9332,34310.04,0,0.00
3253,"PAPER LANTERN 9 POINT SNOW STAR",1088,4713.92,0,0.00
3277,"PAPER LANTERN 6 POINT SNOW STAR",1088,4713.92,0,0.00
3388,"REINDEER HEART DECORATION SILVER",6148,5455.48,0,0.00
3046,"PINK FOXGLOVE ARTIIFCIAL FLOWER",92,234.60,0,0.00
2871,"WHITE CANDYSTUFT ARTIFICIAL FLOWER",1232,1646.24,0,0.00
3342,"SILVER STARS TABLE DECORATION",8148,6978.44,0,0.00
2295,"LARGE  TALL CAMPHOR WOOD TOADSTOOL ",148,791.24,0,0.00
3124,"PINK/AMETHYST/GOLD NECKLACE",20,139.48,0,0.00
3386,"FILIGREE HEART DAISY WHITE",4988,6386.68,0,0.00
3272,"ZINC SWEETHEART SOAP DISH",248,467.28,0,0.00
3213,"SMALL ZINC HEART WALL ORGANISER",6164,21664.72,0,0.00
2111,"SET/6 GREEN SPRING PAPER CUPS",932,195.96,0,0.00
1590,"TUB 24 PINK FLOWER PEGS",669,1105.61,0,0.00
3390,"JINGLE BELL HEART ANTIQUE GOLD",3176,6821.76,0,0.00
3544,"BELL HEART ANTIQUE GOLD",3176,6821.76,0,0.00
3286,"MARIE ANTOINETTE TRINKET BOX SILVER",1336,5095.04,0,0.00
3320,"SILVER HEARTS TABLE DECORATION",5152,4346.60,0,0.00
528,"36 PENCILS TUBE WOODLAND",7003,9373.31,0,0.00
3252,"PAPER LANTERN 7 POINT SNOW STAR",412,2846.04,0,0.00
1371,"ASSTD DESIGN 3D PAPER STICKERS",4720,1618.72,0,0.00
3380,"FILIGREE HEART BIRD WHITE ",5968,7840.00,0,0.00
3407,"SET OF 60 PANTRY DESIGN CAKE CASES ",48252,25518.36,0,0.00
2955,"ICON MUG REVOLUTIONARY",2812,1137.96,0,0.00
3314,"LE GRAND TRAY CHIC SET",608,7699.68,0,0.00
2401,"ENGLISH ROSE SMALL SCENTED FLOWER",876,810.12,0,0.00
3319,"SILVER BELLS TABLE DECORATION",8676,10972.52,0,0.00
3365,"FRENCH CARRIAGE LANTERN",548,3701.40,0,0.00
3412,"BAROQUE BUTTERFLY EARRINGS MONTANA",4,14.92,0,0.00
3197,"DOUBLE CERAMIC PARLOUR HOOK",1908,7924.20,0,0.00
3200,"PARLOUR CERAMIC WALL HOOK",1908,7924.20,0,0.00
3405,"SET OF 60 I LOVE LONDON CAKE CASES ",33328,18108.80,0,0.00
3381,"FILIGREE HEART BUTTERFLY WHITE ",6568,8280.24,0,0.00
3225,"SINGLE WIRE HOOK PINK HEART",1660,2120.60,0,0.00
3226,"SINGLE WIRE HOOK IVORY HEART",3536,4955.04,0,0.00
1898,"36 PENCILS TUBE POSY",317,308.89,0,0.00
3420,"VINTAGE KEEPSAKE BOX PINK FLOWER",80,365.92,0,0.00
2923,"VINTAGE NOTEBOOK TRAVELOGUE",152,422.92,0,0.00
746,"SET OF 6 KASHMIR FOLKART BAUBLES",2848,4504.64,0,0.00
3402,"SET OF 3 HANGING OWLS OLLIE BEAK",14996,18231.88,0,0.00
3344,"WHITE WIRE PLANT POT HOLDER",1436,4038.04,0,0.00
3350,"WHITE HEARTS WIRE PLANT POT HOLDER",1436,4038.04,0,0.00
3205,"VINTAGE EMBOSSED HEART",4132,5420.72,0,0.00
3321,"VINTAGE ENGRAVED HEART",4132,5420.72,0,0.00
2435,"CANDY SPOT HEART DECORATION",584,488.32,0,0.00
3409,"SET OF 60 VINTAGE LEAF CAKE CASES ",24604,13116.84,0,0.00
3066,"JAM CLOCK MAGNET",1320,3775.68,0,0.00
3408,"SET OF 36 DOILIES PANTRY DESIGN",11232,16493.52,0,0.00
3969,"SET OF 36 PANTRY PAPER DOILIES",11232,16493.52,0,0.00
3196,"ALUMINIUM STAMPED HEART",3252,7907.56,0,0.00
3328,"ALUMINIUM HEART",3252,7907.56,0,0.00
3385,"CHERRY BLOSSOM PURSE",80,198.76,0,0.00
2482,"ECONOMY HOLIDAY PURSE",120,166.12,0,0.00
2478,"TROPICAL HOLIDAY PURSE ",128,326.64,0,0.00
3057,"CLEAR STATIONERY BOX SET ",336,279.60,0,0.00
3435,"BUBBLEGUM RING ASSORTED",48200,19989.12,0,0.00
3441,"SET OF 3 WOODEN STOCKING DECORATION",8256,11030.28,0,0.00
3440,"SET OF 3 WOODEN TREE DECORATIONS",7136,9694.16,0,0.00
3439,"SET OF 3 WOODEN SLEIGH DECORATIONS",7864,10778.24,0,0.00
3403,"SET OF 3 WOODEN HEART DECORATIONS",15572,20738.76,0,0.00
3421,"SET OF TEA COFFEE SUGAR TINS PANTRY",19220,94056.68,0,0.00
3423,"SET OF 3 REGENCY CAKE TINS",25428,124711.80,0,0.00
1778,"BLUE POLKADOT PURSE ",177,567.55,0,0.00
2917,"WHITE HEART OF GLASS BRACELET",24,141.24,0,0.00
3189,"HEART BEADED TRELLIS DECORATION",996,2112.68,0,0.00
3414,"MIRRORED WALL ART SNOWFLAKES",2048,1556.16,0,0.00
3427,"TREASURE TIN GYMKHANA DESIGN",8736,18836.28,0,0.00
3418,"SET OF 4 KNICK KNACK TINS LONDON ",7448,31302.24,0,0.00
3466,"DOLLY GIRL CHILDRENS CUP",6540,8241.12,0,0.00
3467,"DOLLY GIRL CHILDRENS BOWL",6488,8054.80,0,0.00
3473,"VINTAGE RED ENAMEL TRIM MUG ",6852,8428.00,0,0.00
3582,"ENAMEL MUG PANTRY",6852,8428.00,0,0.00
3475,"VINTAGE RED TRIM ENAMEL BOWL ",4716,6124.12,0,0.00
3581,"ENAMEL BOWL PANTRY",4716,6124.12,0,0.00
3474,"VINTAGE RED ENAMEL TRIM PLATE",3416,5783.60,0,0.00
3730,"ENAMEL DINNER PLATE PANTRY",3416,5783.60,0,0.00
3428,"TREASURE TIN BUFFALO BILL ",5904,12148.44,0,0.00
3417,"SET OF 4 KNICK KNACK TINS DOILEY ",16744,68150.08,0,0.00
3640,"SET OF 4 KNICK KNACK TINS DOILY ",16744,68150.08,0,0.00
3655,"SET OF 4 KNICK KNACK TINS  DOILEY ",16744,68150.08,0,0.00
3431,"SET OF 4 KNICK KNACK TINS LEAVES ",4216,17114.16,0,0.00
3553,"SET OF 4 KNICK KNACK TINS LEAF",4216,17114.16,0,0.00
3425,"DOILEY STORAGE TIN",10036,28424.84,0,0.00
3437,"DOILEY BISCUIT TIN",10036,28424.84,0,0.00
3635,"STORAGE TIN VINTAGE DOILEY ",10036,28424.84,0,0.00
3646,"STORAGE TIN VINTAGE DOILY ",10036,28424.84,0,0.00
3426,"STORAGE TIN VINTAGE LEAF",2956,7830.76,0,0.00
3471,"BISCUIT TIN VINTAGE LEAF",2956,7830.76,0,0.00
3392,"WHITE ROCKING HORSE HAND PAINTED",11608,14471.12,0,0.00
1906,"JIGSAW TREE WITH BIRDHOUSE",4001,4120.49,0,0.00
3465,"SPACE BOY CHILDRENS CUP",8728,10818.32,0,0.00
3500,"SPACEBOY CHILDRENS CUP",8728,10818.32,0,0.00
3468,"SPACEBOY CHILDRENS BOWL",9748,11596.40,0,0.00
3446,"VINTAGE RED ENAMEL TRIM JUG ",2428,9106.44,0,0.00
3580,"ENAMEL JUG PANTRY",2428,9106.44,0,0.00
3351,"ZINC  HEART T-LIGHT HOLDER",3472,4362.64,0,0.00
3451,"EGG FRYING PAN RED ",1724,3661.60,0,0.00
3462,"EGG FRYING PAN BLUE ",700,1620.00,0,0.00
2560,"ASS FLORAL PRINT MULTI SCREWDRIVER",11032,5056.80,0,0.00
3493,"JUMBO BAG 50'S CHRISTMAS ",41224,95263.00,0,0.00
3218,"LARGE IVORY HEART WALL ORGANISER",3128,22101.60,0,0.00
3316,"RED METAL BOX TOP SECRET",4316,36635.48,0,0.00
679,"WRAP RED APPLES ",21162,8696.04,0,0.00
1930,"BLUE GREEN EMBROIDERY COSMETIC BAG",141,391.47,0,0.00
3464,"EGG FRYING PAN MINT ",720,1555.00,0,0.00
3463,"EGG FRYING PAN PINK ",904,2085.32,0,0.00
3447,"LARGE WHITE HEART OF WICKER",12340,35701.64,0,0.00
3470,"VINTAGE  2 METER FOLDING RULER",13892,25804.28,0,0.00
3888,"VINTAGE  2 METRE FOLDING RULER",13892,25804.28,0,0.00
3432,"36 DOILIES VINTAGE CHRISTMAS",20840,28532.00,0,0.00
3965,"SET OF 36 VINTAGE CHRISTMAS DOILIES",20840,28532.00,0,0.00
3450,"BLUE VINTAGE SPOT BEAKER",20192,18990.48,0,0.00
3453,"GREEN VINTAGE SPOT BEAKER",18500,17776.92,0,0.00
3501,"CORDIAL GLASS JUG",164,1386.52,0,0.00
3680,"CORDIAL JUG",164,1386.52,0,0.00
3469,"RED VINTAGE SPOT BEAKER",7564,6454.36,0,0.00
2834,"PINK RETRO BIG FLOWER BAG",352,686.40,0,0.00
3394,"HEART WREATH DECORATION WITH BELL",9200,11463.56,0,0.00
3757,"PAINTED HEART WREATH WITH BELL",9200,11463.56,0,0.00
3397,"RED ROCKING HORSE HAND PAINTED",9324,11732.28,0,0.00
3485,"DRAWER KNOB CRACKLE GLAZE PINK",5184,8728.00,0,0.00
3537,"DOORKNOB CRACKED GLAZE PINK",5184,8728.00,0,0.00
3484,"DRAWER KNOB CRACKLE GLAZE BLUE",5500,9548.12,0,0.00
3495,"DOORKNOB CRACKED GLAZE BLUE",5500,9548.12,0,0.00
3509,"GLASS BONNE JAM JAR",484,2019.88,0,0.00
3452,"PINK VINTAGE SPOT BEAKER",19228,18289.64,0,0.00
3499,"PACK OF 6 LARGE FRUIT STRAWS ",9132,5609.28,0,0.00
3002,"TRAVEL CARD WALLET I LOVE LONDON",19132,8590.20,0,0.00
3406,"SET OF 2 CERAMIC PAINTED HEARTS ",4732,6637.48,0,0.00
3436,"SMALL WHITE HEART OF WICKER",18948,33893.08,0,0.00
3505,"PACK OF 6 COCKTAIL PARASOL STRAWS",10024,4010.16,0,0.00
3209,"FLOWERS CHANDELIER T-LIGHT HOLDER",3864,11667.48,0,0.00
3329,"CRYSTAL CHANDELIER T-LIGHT HOLDER",3864,11667.48,0,0.00
3483,"DRAWER KNOB CRACKLE GLAZE IVORY",9368,15507.12,0,0.00
3494,"DOORKNOB CRACKED GLAZE IVORY",9368,15507.12,0,0.00
3454,"JUMBO BAG VINTAGE CHRISTMAS ",24324,55915.80,0,0.00
3506,"18PC WOODEN CUTLERY SET DISPOSABLE",2268,3005.52,0,0.00
3503,"PARTY CHARMS 50 PIECES",9012,6911.00,0,0.00
3476,"VINTAGE DONKEY TAIL GAME ",7476,26958.84,0,0.00
3490,"DONKEY TAIL GAME ",7476,26958.84,0,0.00
3201,"GEORGIAN TRINKET BOX",576,6876.00,0,0.00
3332,"TOADSTOOL BEDSIDE LIGHT ",1012,8973.40,0,0.00
3492," TOADSTOOL BEDSIDE LIGHT ",1012,8973.40,0,0.00
3444,"SET OF 2 CERAMIC CHRISTMAS TREES",3144,4652.52,0,0.00
3445,"SET OF 2 CERAMIC CHRISTMAS REINDEER",5792,8078.36,0,0.00
3438,"REINDEER HEART DECORATION GOLD",3976,3479.92,0,0.00
3518,"LARGE BONNE JAM JAR  T-LIGHT HOLDER",1020,2671.40,0,0.00
3482,"GLASS  SONGBIRD STORAGE JAR",720,8767.36,0,0.00
3540,"GLASS SONGBIRD STORAGE JAR",720,8767.36,0,0.00
2310,"CD WALL TIDY RED FLOWERS",652,244.20,0,0.00
3521,"SKETCHBOOK MAGNETIC SHOPPING LIST",5968,9295.20,0,0.00
3531,"VEGETABLE MAGNETIC  SHOPPING LIST",5968,9295.20,0,0.00
3504,"PACK OF 6 SMALL FRUIT STRAWS",6864,2781.64,0,0.00
1524,"BLACK CHAMPAGNE GLASS",6128,2526.00,0,0.00
3479,"GLASS APOTHECARY BOTTLE ELIXIR",3432,13709.92,0,0.00
3461,"EGG FRYING PAN IVORY ",1512,3171.44,0,0.00
3519,"CHRISTMAS TREE HANGING SILVER ",3212,3007.40,0,0.00
3507,"6PC WOOD PLATE SET DISPOSABLE",1836,2299.52,0,0.00
3502,"COCKTAIL SWORDS 50 PIECES",3744,3041.60,0,0.00
3517,"DRAWER KNOB VINTAGE GLASS HEXAGON",1180,2511.80,0,0.00
255,"RETROSPOT CIGAR BOX MATCHES ",8704,8727.84,0,0.00
295,"12 PENCILS TALL TUBE SKULLS",8669,7577.93,0,0.00
3424,"SET OF 4 KNICK KNACK TINS POPPIES",3412,13597.96,0,0.00
3516,"PANTRY MAGNETIC  SHOPPING LIST",13384,20273.60,0,0.00
3522,"RETRO LEAVES MAGNETIC NOTEPAD",7504,11392.16,0,0.00
3529,"RETO LEAVES MAGNETIC SHOPPING LIST",7504,11392.16,0,0.00
3546,"LEAVES MAGNETIC  SHOPPING LIST",7504,11392.16,0,0.00
3557,"VINTAGE LEAF MAGNETIC NOTEPAD",7504,11392.16,0,0.00
3211,"TRIPLE WIRE HOOK IVORY HEART",728,3064.40,0,0.00
3480,"DRAWER KNOB CERAMIC IVORY",8836,12904.36,0,0.00
3612,"DOORKNOB CERAMIC IVORY",8836,12904.36,0,0.00
3478,"GLASS APOTHECARY BOTTLE PERFUME",4296,16835.84,0,0.00
3006,"DOTCOMGIFTSHOP TEA TOWEL",52,92.36,0,0.00
2594,"AMBER FINE BEAD NECKLACE W TASSEL",24,141.24,0,0.00
2108,"POCKET MIRROR WOODLAND",376,327.20,0,0.00
2468,"CRYSTAL PAIR HEART HAIR SLIDES",120,449.04,0,0.00
2755,"FLOWERS TILE COASTER",3968,1339.04,0,0.00
2637,"SILVER DISCO HANDBAG",516,1091.96,0,0.00
3541,"PINK EASTER HENS+FLOWER",56,153.24,0,0.00
2303,"FOLK ART METAL HEART T-LIGHT HOLDER",652,328.40,0,0.00
3524,"WHITE WICKER STAR ",5892,12620.72,0,0.00
3496,"SMALL BONNE JAM JAR  T-LIGHT HOLDER",1688,3232.64,0,0.00
2948,"NECKLACE+BRACELET PINK BUTTERFLY",116,295.80,0,0.00
1622,"NECKLACE+BRACELET SET FRUIT SALAD ",57,145.35,0,0.00
3033,"GROOVY CACTUS INFLATABLE",1212,476.36,0,0.00
3534,"BLUE REFECTORY CLOCK ",696,7149.64,0,0.00
3212,"TRIPLE WIRE HOOK PINK HEART",316,1091.64,0,0.00
3547,"BOX OF 6 MINI VINTAGE CRACKERS",15244,36669.56,0,0.00
3548,"BAROQUE BUTTERFLY EARRINGS CRYSTAL",16,59.84,0,0.00
3527,"MINT DINER WALL CLOCK",1500,12773.64,0,0.00
3701,"MINT DINER CLOCK",1500,12773.64,0,0.00
3526,"RED REFECTORY CLOCK ",1004,10046.36,0,0.00
2480,"VIP HOLIDAY PURSE",56,176.16,0,0.00
3510,"RIDGED BONNE JAM JAR T-LIGHT HOLDER",1144,1830.48,0,0.00
1408,"12 PENCILS TALL TUBE RED RETROSPOT",11015,9556.19,0,0.00
1400,"TEATIME PEN CASE & PENS",273,232.05,0,0.00
3528,"PINK DINER WALL CLOCK",1232,10999.40,0,0.00
3486,"DRAWER KNOB CRACKLE GLAZE GREEN",5408,9215.68,0,0.00
3538,"DOORKNOB CRACKED GLAZE GREEN",5408,9215.68,0,0.00
1788,"COLUMBIAN CANDLE ROUND",773,609.05,0,0.00
3460,"CHRISTMAS TABLE CANDLE SILVER SPIKE",6936,5997.52,0,0.00
3532,"CHRISTMAS TABLE SILVER CANDLE SPIKE",6936,5997.52,0,0.00
3366,"ZINC  STAR T-LIGHT HOLDER ",4912,5820.72,0,0.00
3382,"ZINC STAR T-LIGHT HOLDER ",4912,5820.72,0,0.00
3456,"CHRISTMAS STAR WISH LIST CHALKBOARD",14008,16571.68,0,0.00
2972,"NEW BAROQUE SMALL NECKLACE BLACK",20,168.56,0,0.00
2343,"GREEN SQUARE COMPACT MIRROR",524,814.04,0,0.00
3429,"BISCUIT TIN 50'S CHRISTMAS",8824,26863.72,0,0.00
3477,"BISCUIT TIN VINTAGE CHRISTMAS",6900,20353.80,0,0.00
3395,"LAUREL STAR ANTIQUE SILVER ",1720,2274.40,0,0.00
3018,"GLASS BEAD HOOP NECKLACE GREEN",16,135.28,0,0.00
3558,"GREEN CRYSTAL DROP EARRINGS",8,23.20,0,0.00
3410,"HEART T-LIGHT HOLDER WILLIE WINKIE",3876,6596.20,0,0.00
3487,"DRAWER KNOB CERAMIC RED",2880,4270.40,0,0.00
3255,"CINDERELLA CHANDELIER ",884,14870.24,0,0.00
3498,"DRAWER KNOB VINTAGE GLASS STAR",2228,4804.16,0,0.00
3131,"CROCHET BEAR RED/BLUE  KEYRING",88,145.20,0,0.00
3575,"BROWN VINTAGE VICTORIAN EARRINGS",8,23.20,0,0.00
3489,"GLASS APOTHECARY BOTTLE TONIC",3700,14712.44,0,0.00
2119,"BLACK FINE BEAD NECKLACE W TASSEL",24,141.76,0,0.00
3579,"PINK/BLUE STRING CURTAIN ",228,513.32,0,0.00
3214,"SMALL IVORY HEART WALL ORGANISER",4136,20876.40,0,0.00
3525,"IVORY REFECTORY CLOCK",852,8376.96,0,0.00
3583,"VINTAGE CHRISTMAS STOCKING ",9560,25952.80,0,0.00
3539,"DRAWER KNOB VINTAGE GLASS BALL",1400,3043.20,0,0.00
3569,"SET OF 6 TEA TIME BAKING CASES",19924,23952.20,0,0.00
3572,"SET OF 12 MINI LOAF BAKING CASES",24560,20313.72,0,0.00
3571,"SET OF 12 FAIRY CAKE BAKING CASES",33944,28007.96,0,0.00
3430,"ROUND STORAGE TIN VINTAGE LEAF",3744,6935.92,0,0.00
3434,"STORAGE TIN VINTAGE LEAF",3744,6935.92,0,0.00
3472,"CANNISTER VINTAGE LEAF DESIGN",3744,6935.92,0,0.00
3586,"PINK BEADS+HAND PHONE CHARM",8,19.68,0,0.00
3585,"AMBER BERTIE MOBILE PHONE CHARM",8,26.32,0,0.00
3570,"SET OF 6 SNACK LOAF BAKING CASES",17680,14524.20,0,0.00
2799,"RESIN BRACELET W PASTEL BEADS",16,79.20,0,0.00
3491,"TRANSPARENT ACRYLIC TAPE DISPENSER",160,170.32,0,0.00
3536,"LARGE APOTHECARY MEASURING JAR ",204,2448.64,0,0.00
3595,"AMBER 3 BEAD DROP EARRINGS",32,92.80,0,0.00
3605,"WHITE STONE/CRYSTAL EARRINGS",24,70.00,0,0.00
3391,"JINGLE BELL HEART ANTIQUE SILVER",14268,28178.56,0,0.00
3399,"LAUREL HEART ANTIQUE SILVER",5236,6455.28,0,0.00
3400,"CHERUB HEART DECORATION SILVER ",5424,4708.00,0,0.00
3610," DOLLY GIRL BEAKER",9820,11565.00,0,0.00
3609,"SPACEBOY BEAKER",10528,12469.36,0,0.00
2712,"GLASS BEAD HOOP EARRINGS AMETHYST",36,113.60,0,0.00
3573,"SET 40 HEART SHAPE PETIT FOUR CASES",17212,27168.92,0,0.00
3611,"I LOVE LONDON BEAKER",3440,4309.20,0,0.00
3588,"VINTAGE CHRISTMAS GIFT SACK",5696,23873.20,0,0.00
3488,"DRAWER KNOB CERAMIC BLACK",3964,5864.28,0,0.00
2688,"CLASSIC FRENCH STYLE BASKET BROWN",1216,5186.44,0,0.00
3349,"ZINC HEARTS PLANT POT HOLDER",1164,3262.36,0,0.00
3353,"ZINC PLANT POT HOLDER",1164,3262.36,0,0.00
3602,"WRAP RED DOILEY",9920,4102.40,0,0.00
3663,"WRAP RED VINTAGE DOILY",9920,4102.40,0,0.00
3591,"WRAP ALPHABET POSTER  ",7420,3052.40,0,0.00
3597,"WRAP BIRD GARDEN ",5220,2192.40,0,0.00
1774,"BLACK GEMSTONE NECKLACE 45CM",21,266.67,0,0.00
3265,"ANTIQUE IVORY WIRE BOWL SMALL",396,1005.80,0,0.00
3626,"Dotcomgiftshop Gift Voucher £100.00",4,333.32,0,0.00
3559,"BOX OF 6 MINI 50'S CRACKERS",14956,37067.36,0,0.00
2821,"COLOURFUL FLOWER FRUIT BOWL",68,208.80,0,0.00
3508,"T-LIGHT HOLDER SILVER HEART HANDLE",796,1598.84,0,0.00
3568,"VINTAGE CHRISTMAS BUNTING",11988,63333.24,0,0.00
2969,"WHITE VINTAGE CRYSTAL EARRINGS",40,154.80,0,0.00
3653,"SET 6 SCHOOL MILK BOTTLES IN CRATE",11380,53137.96,0,0.00
3497,"GLASS TWIST BON BON JAR",296,2301.00,0,0.00
3647,"IVORY WICKER HEART LARGE",8304,14283.04,0,0.00
2941,"CREAM CLIMBING HYDRANGA ART FLOWER",128,240.00,0,0.00
3045,"WHITE ALLIUM  ARTIFICIAL FLOWER",68,114.92,0,0.00
3215,"MARIE ANTOIENETT TRINKET BOX GOLD",1276,5020.40,0,0.00
3285,"MARIE ANTOINETTE TRINKET BOX GOLD",1276,5020.40,0,0.00
3624,"6 GIFT TAGS 50'S CHRISTMAS ",14972,13727.56,0,0.00
3634,"ROLL WRAP 50'S CHRISTMAS",14156,19522.60,0,0.00
3393,"STAR WREATH DECORATION WITH BELL",6732,8558.68,0,0.00
3631,"ROLL WRAP VINTAGE SPOT ",10884,13825.32,0,0.00
3628,"SET OF 12 FORK CANDLES",4996,14030.04,0,0.00
3664,"Adjust bad debt",4,44248.24,0,0.00
3665,"CRACKED GLAZE NECKLACE BROWN",8,56.56,0,0.00
3627," RED SPOT GIFT BAG LARGE",7292,8909.68,0,0.00
3632,"GIFT BAG LARGE SPOT ",7292,8909.68,0,0.00
3625,"RED SPOT PAPER GIFT BAG",9824,7851.32,0,0.00
3619,"SET 8 CANDLES VINTAGE DOILEY",4748,9184.60,0,0.00
3645,"SET 8 CANDLES VINTAGE DOILY",4748,9184.60,0,0.00
3659,"HANGING MINI COLOURED BOTTLES",13772,8950.84,0,0.00
3648,"DECORATIVE WICKER HEART LARGE",7112,12225.36,0,0.00
3651,"IVORY WICKER HEART SMALL",9084,5967.00,0,0.00
3396,"CHERUB HEART DECORATION GOLD",2952,2596.08,0,0.00
3616,"VINTAGE CHRISTMAS CAKE FRILL",10048,16215.52,0,0.00
3652,"IVORY WICKER HEART MEDIUM",8440,10886.80,0,0.00
2338,"CARDHOLDER GINGHAM CHRISTMAS TREE",1652,6037.64,0,0.00
3623,"6 GIFT TAGS VINTAGE CHRISTMAS ",16064,14070.08,0,0.00
3633,"ROLL WRAP 50'S RED CHRISTMAS ",7212,9851.80,0,0.00
3630,"ROLL WRAP VINTAGE CHRISTMAS",12924,17420.40,0,0.00
3411,"STAR T-LIGHT HOLDER WILLIE WINKIE",4732,8039.80,0,0.00
3656,"DECORATIVE WICKER HEART SMALL",6384,4249.12,0,0.00
3657,"HANGING CLEAR MINI BOTTLE",6936,4204.56,0,0.00
3690,"FILIGREE DIAMANTE CHAIN",4,49.92,0,0.00
3650,"DECORATIVE WICKER HEART MEDIUM",7216,9197.88,0,0.00
2097,"PLASMATRONIC LAMP",284,1785.80,0,0.00
3677,"HOT WATER BOTTLE KEEP CALM",23364,115370.20,0,0.00
323,"5 STRAND GLASS NECKLACE CRYSTAL",86,544.66,0,0.00
3681,"ICE CREAM BUBBLES",10752,8711.36,0,0.00
3679," 50'S CHRISTMAS GIFT BAG LARGE",7756,9494.52,0,0.00
3725,"GIFT BAG LARGE 50'S CHRISTMAS",7756,9494.52,0,0.00
3622,"GIFT BAG LARGE VINTAGE CHRISTMAS",7916,9469.56,0,0.00
3670,"VINTAGE CHRISTMAS GIFT BAG LARGE ",7916,9469.56,0,0.00
3684,"HANGING QUILTED PATCHWORK APPLES",5032,4434.32,0,0.00
3692,"PRETTY HANGING QUILTED HEARTS",5112,4360.08,0,0.00
3673,"50'S CHRISTMAS PAPER GIFT BAG",5408,4435.56,0,0.00
3621,"VINTAGE CHRISTMAS PAPER GIFT BAG",6432,5253.56,0,0.00
3672,"HOT STUFF HOT WATER BOTTLE",2380,8048.52,0,0.00
3700,"SET 10 CARDS XMAS CHOIR 17068",20,58.20,0,0.00
3699,"SET 10 CARD CHRISTMAS WELCOME 17112",32,93.12,0,0.00
3698,"SET 10 CARDS PERFECT POST 17090",40,99.60,0,0.00
3716,"GINGHAM RECIPE BOOK BOX",1864,10117.68,0,0.00
3707,"STOOL HOME SWEET HOME ",952,11492.32,0,0.00
3715,"ZINC BOX SIGN HOME",564,5515.00,0,0.00
3714,"STORAGE TIN HOME SWEET HOME",1100,2485.76,0,0.00
3599,"THE KING GIFT BAG 25x24x12cm",112,47.04,0,0.00
3682,"HAND WARMER RED LOVE HEART",16108,35766.44,0,0.00
3708,"FOOT STOOL HOME SWEET HOME ",1956,20390.60,0,0.00
3704,"POSTE FRANCE CUSHION COVER",1752,7555.60,0,0.00
3706,"HOME SWEET HOME CUSHION COVER ",3228,12921.64,0,0.00
1464,"COLUMBIAN CANDLE RECTANGLE",186,261.54,0,0.00
3732,"SET 10 CARDS OUT OF ORDER 17216",44,109.56,0,0.00
3731,"SET 10 CARDS 12 DAYS WRAP  17058",104,346.32,0,0.00
3696,"PACK OF 12 PAISLEY PARK TISSUES ",7372,3364.04,0,0.00
3705,"SET OF 2 TRAYS HOME SWEET HOME",1068,10917.32,0,0.00
3702,"BUTTERFLY CUSHION COVER",2648,11122.12,0,0.00
3713,"LA JARDIN BOTANIQUE CUSHION COVER",2648,11122.12,0,0.00
3768,"LE JARDIN BOTANIQUE CUSHION COVER",2648,11122.12,0,0.00
3703,"BELLE JARDINIERE CUSHION COVER",3044,13223.32,0,0.00
3694,"PACK OF 12 VINTAGE CHRISTMAS TISSUE",12204,5558.36,0,0.00
3718,"HOME SWEET HOME KEY HOLDER",1828,9715.64,0,0.00
3724,"LETTER HOLDER HOME SWEET HOME",2504,8831.44,0,0.00
3710,"HOME SWEET HOME HANGING HEART",7688,7009.40,0,0.00
3738,"SET 10 CARDS SCOTTIE DOG 17211",36,89.64,0,0.00
3743,"SET 10 CARDS JINGLE BELLS 16957",32,79.68,0,0.00
3742,"SET 10 XMAS CARDS & BADGES 17070",44,109.56,0,0.00
3726,"METAL SIGN DROP YOUR PANTS",5108,13800.84,0,0.00
3741,"PANTRY HOOK BALLOON WHISK ",852,1911.56,0,0.00
3734,"BATHROOM HOOK",584,630.00,0,0.00
3737,"PHOTO FRAME LINEN AND LACE LARGE",860,3206.72,0,0.00
3717,"HOME SWEET HOME BLACKBOARD",4044,18247.04,0,0.00
3660,"RUSTIC STRAWBERRY JAMPOT SMALL",1848,2963.76,0,0.00
3666,"RUSTIC STRAWBERRY JAM POT SMALL",1848,2963.76,0,0.00
3641,"RUSTIC STRAWBERRY JAMPOT LARGE ",1596,3264.16,0,0.00
3669,"RUSTIC STRAWBERRY JAM POT LARGE ",1596,3264.16,0,0.00
1990,"PAPERWEIGHT SAVE THE PLANET",1352,2566.20,0,0.00
3748,"3 RAFFIA RIBBONS VINTAGE CHRISTMAS",3308,2939.16,0,0.00
3747,"PANTRY HOOK SPATULA",648,1413.44,0,0.00
3729,"SHELF WITH 4 HOOKS HOME SWEET HOME",1844,9637.36,0,0.00
3759,"SET 10 CARDS RED RIDING HOOD 17214",160,398.40,0,0.00
3719,"HOME SWEET HOME 2 DRAWER CABINET",1016,5285.52,0,0.00
3674,"LOVE HOT WATER BOTTLE",9544,53979.88,0,0.00
3760,"SET 10 CARDS HATS & STOCKINGS 17081",32,53.12,0,0.00
3750,"HOME SWEET HOME BOTTLE ",1896,4183.20,0,0.00
3234,"EDWARDIAN PHOTO FRAME",360,2274.84,0,0.00
3711," TRELLIS COAT RACK",908,4474.44,0,0.00
3720,"PACK OF 12 RED APPLE TISSUES",4880,1861.44,0,0.00
3523,"SET OF 4 SANTA PLACE SETTINGS",4808,6127.80,0,0.00
3751,"3 RAFFIA RIBBONS 50'S CHRISTMAS ",8420,7568.28,0,0.00
3695,"PACK OF 12 50'S CHRISTMAS TISSUES",16012,7369.68,0,0.00
3709,"PACK OF 12 DOLLY GIRL TISSUES",5416,2374.48,0,0.00
3722,"PACK OF 12 VINTAGE DOILY TISSUES",9376,3934.00,0,0.00
3781,"PACK OF 12 DOILEY TISSUES",9376,3934.00,0,0.00
3755,"EMBOSSED HEART TRINKET BOX",1000,2222.36,0,0.00
3764,"SET 10 CARDS MAGICAL TREE 17086",16,53.28,0,0.00
3763,"SET 6 CARDS SPARKLY REINDEER 17262",36,179.64,0,0.00
3745,"WOODLAND BUNNIES LOLLY MAKERS",2608,5954.60,0,0.00
3749,"LAVENDER TOILETTE BOTTLE",2232,4672.32,0,0.00
3740,"RUSTIC MIRROR WITH LACE HEART",1836,9419.48,0,0.00
3728,"SPACEBOY ROCKET LOLLY MAKERS",2668,5941.72,0,0.00
3756,"WOODLAND MINI BACKPACK",3300,13794.76,0,0.00
3881,"WOODLAND MINI RUCKSACK ",3300,13794.76,0,0.00
3754,"SPACEBOY MINI BACKPACK",4488,19122.16,0,0.00
3804,"SPACEBOY MINI RUCKSACK",4488,19122.16,0,0.00
3727,"HEART MIRROR ANTIQUE WHITE",1432,9419.20,0,0.00
2964,"MADRAS NOTEBOOK MEDIUM",3676,2838.64,0,0.00
3746,"PANTRY 3 HOOK ROLLING PIN HANGER",876,3507.60,0,0.00
3736,"VINTAGE COFFEE GRINDER BOX",708,3716.44,0,0.00
3929,"DECROTIVEVINTAGE COFFEE GRINDER BOX",708,3716.44,0,0.00
3968,"DECORATIVE VINTAGE COFFEE  BOX",708,3716.44,0,0.00
3712,"HANGING HEART BONHEUR",2440,2155.00,0,0.00
3733,"HOME SWEET HOME HOOK",1312,1648.72,0,0.00
3683,"NATURAL HANGING QUILTED HEARTS ",5816,4701.52,0,0.00
3770,"SET 10 CARDS DRESSING UP 17077",96,239.04,0,0.00
3801,"SET 10 CARD PERFECT NATIVITY 17089",16,39.84,0,0.00
3723,"HOME SWEEET HOME 3 PEG HANGER ",1188,4604.12,0,0.00
3735,"HOME SWEET HOME 3 PEG HANGER ",1188,4604.12,0,0.00
3721,"PACK OF 12 VINTAGE LEAF TISSUES ",6036,2271.80,0,0.00
3765,"PANTRY CHOPPING BOARD",4616,23474.00,0,0.00
1101,"CHRISTMAS GARLAND STARS,TREES",737,2615.07,0,0.00
3807,"SET 10 CARDS CHRISTMAS ROBIN 17095",12,24.96,0,0.00
3791,"SET 36 COLOUR PENCILS DOLLY GIRL",5564,7011.16,0,0.00
3776,"SET 36 COLOUR PENCILS SPACEBOY ",6848,9254.12,0,0.00
3761,"CHRISTMAS HANGING SNOWFLAKE",1960,1723.44,0,0.00
3810,"SET 10 CARDS CHEERFUL ROBIN 17065",60,124.80,0,0.00
3809,"SET 10 CARDS SNOWY SNOWDROPS  17100",32,79.68,0,0.00
3796,"MINI PLAYING CARDS GYMKHANA",10088,4476.88,0,0.00
3774,"SET 12 COLOUR PENCILS SPACEBOY ",13140,9983.00,0,0.00
3773,"SET 12 COLOURING PENCILS DOILY",9012,6682.20,0,0.00
3780,"SET 12 COLOUR PENCILS DOILEY",9012,6682.20,0,0.00
3880,"SET 12 COLOURING PENCILS DOILEY",9012,6682.20,0,0.00
3783,"SET 12 COLOUR PENCILS LOVE LONDON",7436,5857.52,0,0.00
1763,"CINNAMON SCENTED VOTIVE CANDLE",5176,1339.76,0,0.00
3815,"SET 10 CARDS FILIGREE BAUBLE 16961",16,39.84,0,0.00
3814,"SET 10 CARDS ROBIN WATERPUMP  17096",8,23.28,0,0.00
3777,"MINI PLAYING CARDS SPACEBOY ",10988,4556.80,0,0.00
3782,"VINTAGE DOILY TRAVEL SEWING KIT",15880,34038.72,0,0.00
3789,"SET 12 COLOUR PENCILS DOLLY GIRL ",9528,6726.00,0,0.00
3369,"HEART SHAPED HOLLY WREATH",3800,15998.00,0,0.00
3753,"DOLLY GIRL MINI BACKPACK",3004,12168.76,0,0.00
3803,"DOLLY GIRL MINI RUCKSACK",3004,12168.76,0,0.00
3797,"MINI PLAYING CARDS DOLLY GIRL ",10524,4660.52,0,0.00
3799,"MINI PLAYING CARDS BUFFALO BILL ",11536,4626.04,0,0.00
3778,"PLAYING CARDS VINTAGE DOILEY ",2856,3585.64,0,0.00
3805,"PLAYING CARDS VINTAGE DOILY ",2856,3585.64,0,0.00
3779,"SET 36 COLOUR PENCILS DOILEY",6220,8631.40,0,0.00
3788,"SET 36 COLOURING PENCILS DOILY",6220,8631.40,0,0.00
3879,"SET 36 COLOURING PENCILS DOILEY",6220,8631.40,0,0.00
3530,"CANDLE HOLDER SILVER MADELINE",784,1300.64,0,0.00
3784,"SET 36 COLOUR PENCILS LOVE LONDON",4420,6324.24,0,0.00
3165,"NEW BAROQUE B'FLY NECKLACE PINK",8,67.28,0,0.00
3812,"EMBROIDERED RIBBON REEL CLAIRE",896,3169.24,0,0.00
3752," I LOVE LONDON MINI BACKPACK",1560,6529.28,0,0.00
3878," I LOVE LONDON MINI RUCKSACK",1560,6529.28,0,0.00
3826,"SET 10 CARDS CHRISTMAS TREE 16955",20,66.60,0,0.00
3835,"WALL ART LOVES' SECRET ",988,4911.80,0,0.00
3883,"WALL ART , LOVES' SECRET ",988,4911.80,0,0.00
3834,"WALL ART WORK REST AND PLAY  ",840,3606.32,0,0.00
3833,"BUFFALO BILL WALL ART ",2332,7470.28,0,0.00
3856,"WALL ART BUFFALO BILL ",2332,7470.28,0,0.00
3798,"MINI PLAYING CARDS FUN FAIR ",4260,1810.88,0,0.00
3813,"VINTAGE DOILY DELUXE SEWING KIT ",3252,21511.24,0,0.00
3758,"CHAMBRE HOOK",528,738.72,0,0.00
3671,"HOT WATER BOTTLE SEX BOMB",1812,7974.40,0,0.00
3862,"SET 10 CARDS DINKY TREE 17076",172,428.28,0,0.00
3861,"SET 10 MINI SANTA & SNOWMAN  17087",16,26.56,0,0.00
3832,"WALL ART CLASSIC PUDDINGS ",3488,27295.64,0,0.00
3885,"WALL ART ,PUDDINGS ",3488,27295.64,0,0.00
3831,"STOP FOR TEA WALL ART",5552,34459.40,0,0.00
3858,"WALL ART STOP FOR TEA ",5552,34459.40,0,0.00
3840,"SPACEBOY WALL ART",1916,6017.96,0,0.00
3860,"WALL ART SPACEBOY",1916,6017.96,0,0.00
3837,"DOG LICENCE WALL ART",4048,24085.60,0,0.00
3859,"WALL ART DOG LICENCE ",4048,24085.60,0,0.00
3794,"EMBROIDERED RIBBON REEL SALLY ",1912,3909.56,0,0.00
3827," NINE DRAWER OFFICE TIDY",236,3637.48,0,0.00
3846,"WALL ART BIG LOVE ",3916,22236.44,0,0.00
3841,"KEEP CALM WALL ART ",4948,28076.04,0,0.00
3854,"WALL ART KEEP CALM ",4948,28076.04,0,0.00
3839,"70'S ALPHABET WALL ART",2024,15200.64,0,0.00
3864,"WALL ART 70'S ALPHABET ",2024,15200.64,0,0.00
3847,"ANIMALS AND NATURE WALL ART",1684,5729.24,0,0.00
3867,"WALL ART ANIMALS AND NATURE ",1684,5729.24,0,0.00
3811,"EMBROIDERED RIBBON REEL SOPHIE  ",1188,4249.40,0,0.00
3793,"EMBROIDERED RIBBON REEL DAISY ",2316,4659.92,0,0.00
3820,"HEART TRELLISTRIPLE T-LIGHT HOLDER",740,2189.40,0,0.00
3869,"HEART TRELLIS TRIPLE T-LIGHT HOLDER",740,2189.40,0,0.00
3828,"CARD HOLDER LOVE BIRD LARGE ",928,5842.00,0,0.00
1500,"BLACK GEMSTONE BRACELET",18,137.82,0,0.00
3844,"CAT AND BIRD WALL ART",1652,3173.48,0,0.00
3870,"WALL ART CAT AND BIRD ",1652,3173.48,0,0.00
3877,"SET 10 CARDS CHRISTMAS HOLLY  17259",12,49.92,0,0.00
3876,"SET 10 CARDS POINSETTIA 17093",16,39.84,0,0.00
3875,"SET 10 CARDS 12 DAYS OF XMAS 17059",16,46.56,0,0.00
3830,"BICYCLE SAFTEY WALL ART",5316,33879.96,0,0.00
3855,"WALL ART BICYCLE SAFTEY ",5316,33879.96,0,0.00
3873,"WALL ART BICYCLE SAFETY",5316,33879.96,0,0.00
3792,"EMBROIDERED RIBBON REEL ROSIE",2004,3909.28,0,0.00
3790,"PLAYING CARDS I LOVE LONDON ",4828,6640.16,0,0.00
3775,"PLAYING CARDS JUBILEE UNION JACK",7736,11430.56,0,0.00
3772,"PLAYING CARDS KEEP CALM & CARRY ON",14584,19457.20,0,0.00
3584,"VINTAGE CHRISTMAS TABLECLOTH",1636,20151.84,0,0.00
3481,"CROCHET DOG KEYRING",52,85.80,0,0.00
2124,"SMOKEY GREY COLOUR D.O.F. GLASS",3324,1173.24,0,0.00
3816,"SMOKEY GREY COLOUR GLASS",3324,1173.24,0,0.00
3886,"SET 10 MINICARDS CUTE SNOWMAN 17071",20,33.20,0,0.00
3853,"I LOVE LONDON WALL ART",444,2324.52,0,0.00
3863,"WALL ART I LOVE LONDON ",444,2324.52,0,0.00
3842,"WALL ART ONLY ONE PERSON ",4248,17863.88,0,0.00
3884,"WALL ART,ONLY ONE PERSON ",4248,17863.88,0,0.00
3872,"KEY RING BASEBALL BOOT UNION JACK",7292,8881.48,0,0.00
3824,"SIX DRAWER OFFICE TIDY",264,2506.96,0,0.00
3822,"POPPY FIELDS CHOPPING BOARD",372,2004.92,0,0.00
3825,"VEGETABLE GARDEN CHOPPING BOARD",312,1569.36,0,0.00
2970,"WHITE VINT ART DECO CRYSTAL NECKLAC",48,408.00,0,0.00
2918,"PINK HEART OF GLASS BRACELET",60,356.48,0,0.00
3850,"VILLAGE SHOW WALL ART",2504,13768.52,0,0.00
3857,"WALL ART VILLAGE SHOW ",2504,13768.52,0,0.00
3845,"TREASURE AHOY WALL ART",1440,4695.24,0,0.00
3899,"WALL ART TREASURE AHOY ",1440,4695.24,0,0.00
3836,"DOG AND BALL WALL ART",1416,2909.76,0,0.00
3882,"WALL ART DOG AND BALL ",1416,2909.76,0,0.00
3260,"WRAP SUMMER ROSE DESIGN",408,171.36,0,0.00
3900,"S/4 BLACK DISCO PARTITION PANEL",12,99.48,0,0.00
3852,"WALL ART THE MAGIC FOREST ",600,3788.24,0,0.00
3895,"WALL ART , THE MAGIC FOREST ",600,3788.24,0,0.00
3843,"WALL ART VINTAGE HEART",1328,5337.96,0,0.00
3829,"HORSE & PONY WALL ART",1924,6230.52,0,0.00
3866,"WALL ART HORSE & PONY ",1924,6230.52,0,0.00
3823,"RED APPLES CHOPPING BOARD   ",620,3140.68,0,0.00
3554,"GIANT 50'S CHRISTMAS CRACKER",10672,28288.64,0,0.00
3590,"ORANGE PENDANT TRIPLE SHELL NECKLAC",20,99.00,0,0.00
2968,"BLACK VINTAGE  CRYSTAL EARRINGS",48,180.00,0,0.00
3901,"BLACK VINT ART DEC CRYSTAL BRACELET",8,54.00,0,0.00
3520,"CHRISTMAS TREE HANGING GOLD",3196,2874.12,0,0.00
3848,"HANGING  BUTTERFLY T-LIGHT HOLDER",5360,6605.44,0,0.00
3787,"EMBROIDERED RIBBON REEL REBECCA ",1336,3985.52,0,0.00
3800,"EMBROIDERED RIBBON REEL SUSIE ",2264,4457.04,0,0.00
3786,"EMBROIDERED RIBBON REEL EMILY ",2292,5024.68,0,0.00
3904,"MILK MAIDS MUG ",876,1574.36,0,0.00
3905,"EGG CUP MILKMAID INGRID",2576,3365.24,0,0.00
3817,"SWEETHEART BIRD HOUSE",3428,12330.84,0,0.00
3914,"SET 10 CARD KRAFT REINDEER 17084",80,199.20,0,0.00
3819,"CARD HOLDER LOVE BIRD SMALL",1328,5420.96,0,0.00
3923,"EGG CUP MILKMAID HEIDI",3532,4637.72,0,0.00
3916,"EGG CUP MILKMAID HELGA ",1640,2345.24,0,0.00
3920,"LARGE PARLOUR PICTURE FRAME",452,2219.32,0,0.00
4003,"LARGE PARLOUR FRAME",452,2219.32,0,0.00
3902,"BOX OF 6 CHRISTMAS CAKE DECORATIONS",7500,29424.72,0,0.00
3364,"ANTIQUE SILVER BAUBLE LAMP  ",1524,14540.92,0,0.00
3275,"PAPER LANTERN 9 POINT HOLLY STAR 40",324,2174.04,0,0.00
3287,"PAPER LANTERN 9 POINT HOLLY STAR L",324,2174.04,0,0.00
3865,"KEY RING BASEBALL BOOT ASSORTED ",6524,8178.32,0,0.00
3911,"HEART MINI PORTRAIT FRAME",2072,4087.04,0,0.00
3903,"HENRIETTA HEN MUG ",1224,2138.64,0,0.00
639,"ASSORTED COLOUR LIZARD SUCTION HOOK",4020,1590.48,0,0.00
3910,"OVAL  MINI PORTRAIT FRAME",1296,2526.32,0,0.00
3936,"MINI LIGHTS WOODLAND MUSHROOMS",7200,26906.56,0,0.00
3849,"DOLLY GIRL WALL ART",2548,8047.96,0,0.00
3874,"WALL ART DOLLY GIRL ",2548,8047.96,0,0.00
3959,"SET 10 CARDS WISHING TREE 17116",36,104.76,0,0.00
3922,"EGG CUP HENRIETTA HEN CREAM ",2520,3150.08,0,0.00
3907,"EGG CUP HENRIETTA HEN PINK",844,1166.32,0,0.00
3949,"BOTANICAL GARDENS WALL CLOCK ",1048,23375.68,0,0.00
3947,"ROCOCO WALL MIRROR WHITE",320,6428.16,0,0.00
3951,"ROCOCO WALL MIROR",320,6428.16,0,0.00
3931,"LANDMARK FRAME LONDON BRIDGE ",1672,18965.48,0,0.00
3838,"WALL ART GARDEN HAVEN ",860,3994.56,0,0.00
3948,"SET 12 VINTAGE DOILY CHALK ",5260,2349.96,0,0.00
3925,"WIRE EGG BASKET ",456,3520.92,0,0.00
3513,"TREE T-LIGHT HOLDER WILLIE WINKIE",1456,2248.88,0,0.00
3955,"TRADTIONAL ALPHABET STAMP SET",3844,19009.24,0,0.00
3934,"LANDMARK FRAME BAKER STREET ",1400,15721.08,0,0.00
3974,"SET 10 CARD SNOWMAN 16965",20,49.80,0,0.00
3973,"SET 10 CHRISTMAS CARDS HOHOHO 16956",36,89.64,0,0.00
3972,"SET 10 CARDS PRINTED GRAPHIC 17219",16,39.84,0,0.00
3952,"TRADITIONAL PICK UP STICKS GAME ",11128,19777.48,0,0.00
3938,"GARLAND, VINTAGE BELLS",3652,10836.92,0,0.00
3950,"VINTAGE BELLS GARLAND",3652,10836.92,0,0.00
3982,"SET 10 CARDS CHRISTMAS BAUBLE 16954",4,13.32,0,0.00
3981,"SET 10 CARDS WORLD CHILDREN 17067",12,29.88,0,0.00
3980,"SET 10 CARDS TRIANGLE ICONS  17220",4,11.64,0,0.00
3962,"LUNCH BAG PAISLEY PARK  ",13580,22055.32,0,0.00
3961,"VINTAGE DOILY JUMBO BAG RED ",19260,40933.80,0,0.00
3963,"JUMBO BAG PAISLEY PARK",20140,46452.12,0,0.00
3954,"TRADITIONAL NAUGHTS & CROSSES",11436,25746.44,0,0.00
3933,"LANDMARK FRAME OXFORD STREET",1696,19322.12,0,0.00
3909,"T-LIGHT HOLDER HANGING LOVE BIRD",2192,8221.08,0,0.00
3908,"SWEET HEART CAKE CARRIER",320,3182.32,0,0.00
3913,"PEARLISED IVORY HEART LARGE ",1672,2644.08,0,0.00
3942,"WOODLAND LARGE PINK FELT HEART",1140,1297.60,0,0.00
3941,"WOODLAND LARGE BLUE FELT HEART",368,493.88,0,0.00
3943,"WOODLAND LARGE RED FELT HEART",820,1058.88,0,0.00
3971,"WOODLAND SMALL PINK FELT HEART",1144,968.72,0,0.00
3958,"WOODLAND SMALL BLUE FELT HEART",1248,1083.84,0,0.00
3945,"WOODLAND SMALL RED FELT HEART",2716,2211.40,0,0.00
3592,"LAUREL STAR ANTIQUE GOLD",1516,1932.12,0,0.00
3821,"VINTAGE LEAF CHOPPING BOARD  ",596,2951.80,0,0.00
3048,"SMALL BLUE PROVENCAL CERAMIC BALL",248,415.76,0,0.00
3818,"TUSCAN VILLA DOVECOTE",220,1992.12,0,0.00
3894,"TUSCAN VILLA DOVECOTE BIRD FEEDER",220,1992.12,0,0.00
3918,"VINTAGE ZINC WATERING CAN",52,557.60,0,0.00
2971,"BLACK VINT ART DEC CRYSTAL NECKLACE",36,305.28,0,0.00
3249,"SMALL ZINC/GLASS CANDLEHOLDER",212,315.72,0,0.00
3924,"VINTAGE ZINC PLANTER  ",128,480.32,0,0.00
3976,"CLASSIC CHROME BICYCLE BELL ",10244,14641.48,0,0.00
3994,"CLASSIC CROME BICYCLE BELL ",10244,14641.48,0,0.00
3987,"SET 10 CARDS RUDOLPHS NOSE 17097",16,46.56,0,0.00
1577,"BLUE/CREAM STRIPE CUSHION COVER ",2516,3114.60,0,0.00
3398,"LAUREL HEART ANTIQUE GOLD",2100,2522.92,0,0.00
3979,"PANTRY KITCHEN THERMOMETER ",448,618.08,0,0.00
3944,"ANTIQUE HEART SHELF UNIT",1100,16581.88,0,0.00
3919,"VINTAGE ZINC WATERING CAN SMALL",72,396.80,0,0.00
3988,"LUNCH BAG RED VINTAGE DOILY",6308,10106.76,0,0.00
3459,"ANTIQUE MID BLUE FLOWER EARRINGS",20,84.60,0,0.00
3978,"SET OF 3 PANTRY WOODEN SPOONS",900,1226.64,0,0.00
3953,"SET OF 3 MINI HANGING PORTRAITS",716,3015.80,0,0.00
3957,"THREE MINI HANGING FRAMES",716,3015.80,0,0.00
3208,"IVORY CHANDELIER T-LIGHT HOLDER",2632,5605.72,0,0.00
3997,"SET 10 CARDS JINGLE BELLS 17217",32,79.68,0,0.00
3939,"VINTAGE JINGLE BELLS HEART",912,7591.04,0,0.00
3254,"PAPER LANTERN 9 POINT SNOW STAR ",1012,5576.12,0,0.00
3274,"PAPER LANTERN 9 POINT SNOW STAR",1012,5576.12,0,0.00
3087,"BABY MOUSE RED GINGHAM DRESS",296,1258.00,0,0.00
2817,"LITTLE PINK MONSTER SOFT TOY",68,173.40,0,0.00
2311,"MAGAZINE RACK GEBRA ASSORTED ",796,1031.00,0,0.00
4002,"SET 10 CARDS XMAS GRAPHIC  17218",28,69.72,0,0.00
4001,"SET 10 CARDS DAVID'S MADONNA 17074",24,59.76,0,0.00
3926,"PEARLISED IVORY HEART SMALL ",912,1124.68,0,0.00
4006,"SET 10 CARDS 3 WISE MEN 17107",4,11.64,0,0.00
3912,"SQUARE MINI PORTRAIT FRAME",1112,2232.48,0,0.00
3762,"PANTRY HOOK TEA STRAINER ",660,1413.80,0,0.00
3995,"DOILY THANK YOU CARD",3060,1293.28,0,0.00
3514,"T-LIGHT HOLDER SILVER PETIT FOUR ",740,934.68,0,0.00
3620,"SET OF 12 T-LIGHTS VINTAGE DOILEY",3972,7489.24,0,0.00
3658,"SET OF 12 T-LIGHTS VINTAGE DOILY",3972,7489.24,0,0.00
3996,"A PRETTY THANK YOU CARD",1824,778.32,0,0.00
4010,"PAISLEY PARK CARD",1504,660.32,0,0.00
3999,"PAPER BUNTING VINTAGE PARTY",1712,4873.92,0,0.00
3795,"EMBROIDERED RIBBON REEL RACHEL ",1448,3933.20,0,0.00
3334,"IVORY PANTRY HANGING LAMP ",472,5621.68,0,0.00
3372,"IVORY CAFE HANGING LAMP ",472,5621.68,0,0.00
4015,"SET 10 CARDS DECK THE HALLS 16960",8,19.92,0,0.00
3567,"T-LIGHT HOLDER SILVER SAUCER",176,171.68,0,0.00
3785,"EMBROIDERED RIBBON REEL RUBY ",672,2417.20,0,0.00
3937,"LANDMARK FRAME CAMDEN TOWN ",2276,25828.60,0,0.00
538,"MIRRORED WALL ART FOXY",66,415.34,0,0.00
4020,"SET 10 CARD CHRISTMAS STAMPS 16963",8,23.28,0,0.00
4000,"PAPER BUNTING PAISLEY PARK",1004,2739.88,0,0.00
4024,"RED RETRO KITCHEN WALL CLOCK",188,1600.04,0,0.00
3921,"SMALL PARLOUR PICTURE FRAME",828,2277.72,0,0.00
4005,"SMALL PARLOUR FRAME",828,2277.72,0,0.00
2597,"BOTANICAL ROSE GREETING CARD",1348,567.80,0,0.00
4025,"PURPLE FINE BEAD NECKLACE W TASSEL",12,70.36,0,0.00
2641,"MONEY BOX FIRST ADE DESIGN",380,402.12,0,0.00
3615,"MONEY BOX FIRST AID DESIGN",380,402.12,0,0.00
2984,"PINK DISCO HANDBAG",336,722.08,0,0.00
3151,"SILVER/BLACK ORBIT NECKLACE",20,172.80,0,0.00
4031,"SILVER AND BLACK ORBIT NECKLACE",20,172.80,0,0.00
4032,"LARGE HEART FLOWERS HOOK   ",8,19.68,0,0.00
4041,"SET 10 CARDS SNOWY ROBIN 17099",4,11.64,0,0.00
3940,"VINTAGE JINGLE BELLS WREATH",304,2541.52,0,0.00
4019,"IVORY RETRO KITCHEN WALL CLOCK",308,2703.64,0,0.00
4028,"BICYCLE PUNCTURE REPAIR KIT ",7456,15535.96,0,0.00
4029,"CLASSIC BICYCLE CLIPS ",6576,9513.92,0,0.00
3276,"PAPER LANTERN 5 POINT STAR MOON 30",472,1991.92,0,0.00
3404,"PAPER LANTERN 5 POINT STAR MOON ",472,1991.92,0,0.00
4034,"SNACK TRAY RED GINGHAM",240,502.88,0,0.00
4037,"SET OF 6 RIBBONS COUNTRY STYLE",692,2008.28,0,0.00
4042,"SET 10 CARDS SWIRLY XMAS TREE 17104",8,23.28,0,0.00
3928,"SNACK TRAY I LOVE LONDON",684,1450.60,0,0.00
3290,"PAPER LANTERN 9 POINT HOLLY STAR S",416,1742.96,0,0.00
3291,"PAPER LANTERN 9 POINT HOLLY STAR 23",416,1742.96,0,0.00
2868,"ASSORTED SHAPES PHOTO CLIP SILVER ",1892,964.84,0,0.00
2982,"PURPLE AMETHYST NECKLACE W TASSEL",20,199.24,0,0.00
3771,"SET 10 CARDS HANGING BAUBLES 17080",8,21.92,0,0.00
4035,"SNACK TRAY HAPPY FOREST  ",468,947.48,0,0.00
4036,"SNACK TRAY PAISLEY PARK",716,1469.40,0,0.00
3935,"LANDMARK FRAME NOTTING HILL ",1696,19272.28,0,0.00
1091,"CINAMMON & ORANGE WREATH",436,2812.12,0,0.00
4038,"SNACK TRAY RED VINTAGE DOILY",792,1600.16,0,0.00
3678,"DIAMANTE NECKLACE GREEN",16,119.92,0,0.00
3375,"SILVER FLOWR PINK SHELL NECKLACE",212,1371.04,0,0.00
4039,"SET OF 6 RIBBONS PERFECTLY PRETTY  ",1012,2921.48,0,0.00
4040,"SET OF 6 RIBBONS PARTY",680,1904.00,0,0.00
4023,"BLUE RETRO KITCHEN WALL CLOCK",144,1207.52,0,0.00
2898,"PINK PILLAR CANDLE SILVER FLOCK",324,517.88,0,0.00
3535,"APOTHECARY MEASURING JAR",268,3305.12,0,0.00
3932,"LANDMARK FRAME COVENT GARDEN ",1756,19898.04,0,0.00
3871,"TUSCAN VILLA FEEDING STATION",116,990.52,0,0.00
3998,"TUSCAN VILLA BIRD FEEDER",116,990.52,0,0.00
3280,"BLUE DISCO HANDBAG",128,267.04,0,0.00
2380,"SMALL FOLDING SCISSOR(POINTED EDGE)",11568,1442.84,0,0.00
452,"NAMASTE SWAGAT INCENSE",10308,2716.56,0,0.00
1937,"BIRDCAGE DECORATION TEALIGHT HOLDER",2600,3081.28,0,0.00
3946,"SWEETHEART WALL TIDY ",432,4028.32,0,0.00
1398,"RETRO PLASTIC ELEPHANT TRAY",4421,3250.97,0,0.00
1583,"LARGE CAKE STAND HANGING HEARTS",934,4495.70,0,0.00
2569,"WHITE TEA,COFFEE,SUGAR JARS",2488,4538.00,0,0.00
1828,"DANISH ROSE ROUND SEWING BOX",3247,3819.91,0,0.00
3989,"BLACK SIL'T SQU CANDLE PLATE ",64,134.40,0,0.00
2520,"BLACK SILOUETTE CANDLE PLATE",548,465.80,0,0.00
2191,"SQUARE CHERRY BLOSSOM CABINET",420,2499.00,0,0.00
1582,"VINTAGE RED KITCHEN CABINET",241,32795.00,0,0.00
2566,"MRS ROBOT SOFT TOY",572,1715.40,0,0.00
2542,"VINTAGE BLUE KITCHEN CABINET",104,14740.00,0,0.00
183,"RUSTIC  SEVENTEEN DRAWER SIDEBOARD",141,21825.00,0,0.00
2769,"WRAP WEDDING DAY",5300,2114.00,0,0.00
2462,"LOVE SEAT ANTIQUE WHITE METAL",232,24840.00,0,0.00
3956,"SET 4 PICNIC CUTLERY BLUEBERRY",328,639.60,0,0.00
3977,"SET 4 PICNIC CUTLERY CHERRY ",284,553.80,0,0.00
3970,"SET 4 PICNIC CUTLERY FONDANT",260,507.00,0,0.00
2092,"SET OF 36 MUSHROOM PAPER DOILIES",636,922.20,0,0.00
1936,"WRAP SUKI AND FRIENDS",16325,6760.50,0,0.00
1490,"WRAP PINK FAIRY CAKES ",23250,9345.00,0,0.00
2785,"WRAP, CAROUSEL",1900,798.00,0,0.00
3144,"WRAP CAROUSEL",1900,798.00,0,0.00
2731,"TEA PARTY  WRAPPING PAPER ",9000,3716.00,0,0.00
1048,"SKULLS AND CROSSBONES WRAP",23225,9434.50,0,0.00
2768,"WRAP DAISY CARPET ",2640,1108.80,0,0.00
1533,"PINK POLKADOT WRAP ",25525,10418.50,0,0.00
1556,"TOAST ITS - DINOSAUR",77,96.25,0,0.00
2555,"HANGING HEART BASKET",44,92.40,0,0.00
2869,"WRAP VINTAGE PETALS  DESIGN",34504,13915.68,0,0.00
3515,"WRAP VINTAGE LEAF DESIGN",34504,13915.68,0,0.00
1483,"FOOD/DRINK SPONGE STICKERS",5000,1050.00,0,0.00
3607,"WRAP 50'S  CHRISTMAS",18252,7569.84,0,0.00
2729,"POPART WOODEN PENCILS ASST",35600,1520.00,0,0.00
3512,"SMALL APOTHECARY MEASURING JAR ",324,2516.20,0,0.00
2667,"POLYESTER FILLER PAD 30CMx30CM",428,535.00,0,0.00
2506,"DANISH ROSE BEDSIDE CABINET",52,2077.40,0,0.00
3004,"FRENCH FLORAL CUSHION COVER ",564,569.88,0,0.00
3598,"WRAP PAISLEY PARK ",13100,5502.00,0,0.00
1588,"WRAP ENGLISH ROSE ",28929,11974.18,0,0.00
3168,"BOTANICAL LILY GIFT WRAP",1000,420.00,0,0.00
2859,"WRAP POPPIES  DESIGN",20700,8422.00,0,0.00
2140,"PINK PAISLEY ROSE GIFT WRAP",4900,1994.00,0,0.00
2697,"TOYBOX  WRAP ",2904,1155.68,0,0.00
3089,"FRENCH STYLE STORAGE JAR BONBONS",9352,2780.24,0,0.00
2625,"PINK NEW BAROQUE FLOCK CANDLESTICK",24,111.60,0,0.00
2349,"CAKE STAND 3 TIER MAGIC GARDEN",1232,14498.40,0,0.00
2425,"DANISH ROSE TRINKET TRAYS",1044,1938.52,0,0.00
3604,"WRAP MAGIC FOREST ",4300,1806.00,0,0.00
2617,"BOTANICAL ROSE GIFT WRAP",2900,1218.00,0,0.00
2866,"EASTER BUNNY WREATH",112,554.40,0,0.00
2331,"ORANGE VOTIVE CANDLE",4128,1028.16,0,0.00
2461,"STRAWBRY SCENTED VOTIVE CANDLE",4404,1069.80,0,0.00
2386,"HAIRCLIPS FORTIES FABRIC ASSORTED",5384,2351.44,0,0.00
3103,"WRAP BAD HAIR DAY",2800,280.00,0,0.00
2427,"DANISH ROSE DELUXE COASTER",3788,1669.40,0,0.00
2285,"BLUE SCANDINAVIAN PAISLEY WRAP",4000,1680.00,0,0.00
3091,"FRENCH STYLE STORAGE JAR CAFE ",7928,3277.84,0,0.00
2643,"SCHOOL DESK AND CHAIR ",76,4799.00,0,0.00
468,"SMALL CHINESE STYLE SCISSOR",53326,17348.92,0,0.00
467,"LARGE CHINESE STYLE SCISSOR",5112,4230.80,0,0.00
511,"RETROSPOT SMALL TUBE MATCHES",4316,7105.40,0,0.00
1591,"FENG SHUI PILLAR CANDLE",13340,2534.60,0,0.00
2547,"DANISH ROSE DECORATIVE PLATE",3804,2842.56,0,0.00
2543,"SET 3 WICKER STORAGE BASKETS ",964,13599.80,0,0.00
2145,"WRAP FOLK ART",800,336.00,0,0.00
682,"FANCY FONTS BIRTHDAY WRAP",34450,13741.00,0,0.00
3603,"WRAP FLOWER SHOP  ",6300,2646.00,0,0.00
1355,"CHRISTMAS CARD STACK OF PRESENTS",3288,795.84,0,0.00
1883,"ANIMAL STICKERS",7097,1490.37,0,0.00
3766,"ACRYLIC HANGING JEWEL,PINK",380,266.20,0,0.00
2387,"3 TIER SWEETHEART GARDEN SHELF",220,7753.00,0,0.00
3112,"PINK FLOWERS RABBIT EASTER",52,101.40,0,0.00
2775,"MULTICOLOUR EASTER RABBIT ",80,156.00,0,0.00
2432,"POPART RECT PENCIL SHARPENER ASST",4664,562.08,0,0.00
3184,"PINK FEATHERS CURTAIN",208,201.12,0,0.00
1900,"STRING OF 8 BUTTERFLIES,PINK",104,171.60,0,0.00
1747,"FLOWER FAIRY,5 SUMMER B'DRAW LINERS",689,1756.95,0,0.00
3687,"FLOWER FAIRY 5 DRAWER LINERS",689,1756.95,0,0.00
3769,"FLOWER FAIRY 5 SUMMER DRAW LINERS",689,1756.95,0,0.00
2110,"COLUMBIAN CANDLE RECTANGLE",548,953.40,0,0.00
2301,"COLUMBIAN CUBE CANDLE",112,218.40,0,0.00
3930,"High Resolution Image",16,108.00,0,0.00
2786,"BLUE  VOILE LAMPSHADE",344,938.00,0,0.00
592,"BLACK ORANGE SQUEEZER",565,237.30,0,0.00
1549,"JARDIN ETCHED GLASS BUTTER DISH",889,2353.65,0,0.00
2756,"JARDIN ETCHED GLASS CHEESE DISH",889,2353.65,0,0.00
2881,"RED/CREAM STRIPE CUSHION COVER ",1656,2039.60,0,0.00
579,"RETROSPOT GIANT TUBE MATCHES",6008,13851.60,0,0.00
2865,"12 PINK HEN+CHICKS IN BASKET",164,418.20,0,0.00
1979,"FRENCH CHATEAU LARGE PLATTER ",280,642.00,0,0.00
3887,"TUSCAN VILLA BIRD TABLE ",76,627.00,0,0.00
2895,"RED DAISY PAPER LAMPSHADE",200,250.00,0,0.00
2692,"LARGE WHITE/PINK ROSE ART FLOWER",1440,2557.44,0,0.00
3566,"VINTAGE BEAD PINK JEWEL BOX",16,68.00,0,0.00
2530,"ANTIQUE GLASS PLACE SETTING",488,610.00,0,0.00
1849,"PINK PAINTED KASHMIRI CHAIR",20,859.00,0,0.00
3744,"CURIO CABINET LINEN AND LACE ",144,1160.40,0,0.00
3261,"FRENCH PAISLEY CUSHION COVER",680,564.40,0,0.00
1619,"DOGGY RUBBER",775,162.75,0,0.00
2278,"BIRTHDAY BANQUET GIFT WRAP",3900,1574.00,0,0.00
3927,"DOLLY CABINET 3 DRAWERS ",204,3049.80,0,0.00
3739,"PHOTO FRAME LINEN AND LACE SMALL",1240,2579.20,0,0.00
3119,"BLUE FLOWER DES PURSE",176,174.64,0,0.00
3589,"SPOTTED WHITE NATURAL SEED NECKLACE",288,288.00,0,0.00
3556,"PACKING CHARGE",56,420.00,0,0.00
1780,"DAIRY MAID STRIPE MUG",7634,6902.06,0,0.00
3238,"BLUE TABLE RUN FLOWER",180,225.00,0,0.00
3005,"FUSCHIA TABLE RUN FLOWER ",108,155.00,0,0.00
3104,"PIECE OF CAMO STATIONERY SET",13520,1306.24,0,0.00
2721,"CHEST NATURAL WOOD 20 DRAWERS",96,10980.00,0,0.00
2810,"VINTAGE KITCHEN PRINT VEGETABLES",260,663.00,0,0.00
3915,"DOLLY CABINET 2 DRAWERS ",132,1650.00,0,0.00
2899,"STANDING FAIRY POLE SUPPORT ",1392,1120.80,0,0.00
1578,"UNION STRIPE CUSHION COVER ",1624,2030.00,0,0.00
2389,"DANISH ROSE PHOTO FRAME",5696,5846.40,0,0.00
1808,"PINK BAROQUE FLOCK CANDLE HOLDER",10,59.50,0,0.00
1803,"BLUE FLOCK GLASS CANDLEHOLDER",2582,1049.74,0,0.00
2288,"FUSCHIA VOILE POINTY SHOE DEC",388,201.24,0,0.00
1789,"FUSCHIA FLOWER PURSE WITH BEADS",642,589.62,0,0.00
3118,"ASSORTED SANSKRIT MINI NOTEBOOK",436,545.00,0,0.00
3093,"RETRO PILL BOX KEY CHAIN,THE KING",940,174.60,0,0.00
3552,"FLOWER BLUE CLOCK WITH SUCKER",468,135.72,0,0.00
1869,"SILICON CUBE 25W, BLUE",45,18.90,0,0.00
1867,"BLUE NETTING STORAGE HANGER",33,64.35,0,0.00
1865,"SILICON STAR BULB  BLUE",73,30.66,0,0.00
1733,"YULETIDE IMAGES S/6 PAPER BOXES",57,145.35,0,0.00
1838,"ASS DES PHONE SPONGE CRAFT STICKER",2108,659.16,0,0.00
1899,"FOLKART ZINC STAR CHRISTMAS DEC",52,44.20,0,0.00
1982,"HAND OPEN SHAPE DECO.WHITE",368,1080.08,0,0.00
1981,"FOLDING CAMPING SCISSOR W/KNIF & S",120,14.40,0,0.00
1980,"ENVELOPE 50 CURIOUS IMAGES",200,108.08,0,0.00
254,"PINK OVAL JEWELLED MIRROR",81,481.95,0,0.00
465,"BLUE PAISLEY NOTEBOOK",232,382.80,0,0.00
2080,"CAKE SHOP  STICKER SHEET",228,193.80,0,0.00
1441,"CLEAR MILKSHAKE GLASS",156,327.60,0,0.00
2123,"EIGHT PIECE CREEPY CRAWLIE SET",24,30.00,0,0.00
1843,"WHITE TISSUE REAM",77,612.15,0,0.00
2300,"IVORY SCULPTED RND CANDLE ",176,149.60,0,0.00
2431,"WRAP GREEN RUSSIAN FOLKART ",200,84.00,0,0.00
2122,"GOLD COSMETIC BAG PINK STAR",8,16.80,0,0.00
2128,"ASSORTED TUTTI FRUTTI HEART BOX",860,1075.00,0,0.00
1941,"STRIPY DESIGN SHOWER CAP",788,282.28,0,0.00
1495,"DIAMANTE BOW BROOCH RED COLOUR",113,717.55,0,0.00
2858,"ASSTD RASTA KEY-CHAINS",36,15.12,0,0.00
593,"SET OF 72 GREEN PAPER DOILIES",172,249.40,0,0.00
2922,"FLORAL BATHROOM SET",84,315.00,0,0.00
2902,"VINTAGE BEAD PINK SHADE ",52,65.00,0,0.00
3132,"FAN BLACK FRAME ",572,165.88,0,0.00
1940,"SUMMER FUN DESIGN SHOWER CAP",1300,465.32,0,0.00
3138,"PACK 4 FLOWER/BUTTERFLY PATCHES",4,5.00,0,0.00
2776,"VINTAGE WOODEN BAR STOOL",24,679.00,0,0.00
2379,"MEDIUM CHINESE STYLE SCISSOR",2648,1159.92,0,0.00
2767,"ENGLISH ROSE METAL WASTE BIN",80,236.00,0,0.00
2125,"S/3 POT POURI CUSHIONS BLUE COLOURS",96,201.60,0,0.00
3154,"BEACH HUT MIRROR",196,265.56,0,0.00
2947,"BOTANICAL LAVENDER GIFT WRAP ",1900,798.00,0,0.00
1749,"GREEN/BLUE FLOWER DESIGN BIG MUG",93,56.55,0,0.00
1752,"YELLOW/PINK FLOWER DESIGN BIG MUG",133,59.67,0,0.00
1746,"PINK/GREEN FLOWER DESIGN BIG MUG",161,70.59,0,0.00
1748,"BLUE/YELLOW FLOWER DESIGN BIG MUG",125,69.03,0,0.00
3374,"GREEN PEONY CUSHION COVER",76,353.40,0,0.00
3373,"RED PEONY CUSHION COVER ",68,316.20,0,0.00
3550,"ROUND PURPLE CLOCK WITH SUCKER",1468,278.92,0,0.00
2683,"LAZER CUT NECKLACE W PASTEL BEADS",228,1687.00,0,0.00
3992,"ST GEORGE SET OF 10 PARTY LIGHTS",8,23.60,0,0.00
3802,"ROUND CACTUS CANDLE",24,70.80,0,0.00
3675,"3 BLACK CATS W HEARTS BLANK CARD",96,18.24,0,0.00
2884,"PINK HYDRANGEA ART FLOWER",184,386.40,0,0.00
3289,"PAPER LANTERN 5 POINT SEQUIN STAR",232,1334.00,0,0.00
3292,"PAPER LANTERN 5 POINT STUDDED STAR",232,1334.00,0,0.00
1517,"GARDEN PATH POCKET BOOK",277,235.45,0,0.00
2889,"GREEN FERN POCKET BOOK",252,214.20,0,0.00
2540,"DIAMANTE RING ASSORTED IN BOX.",4032,5245.44,0,0.00
1832,"ANT SILVER LIME GREEN BOUDICCA RING",109,321.55,0,0.00
3990,"ANT SILVER TURQUOISE BOUDICCA RING",24,70.80,0,0.00
3256,"BLING KEY RING STAND",24,25.00,0,0.00
2539,"DANISH ROSE FOLDING CHAIR",448,3561.60,0,0.00
395,"TURQUOISE CHRISTMAS TREE ",22,27.50,0,0.00
1854,"12 PINK ROSE PEG PLACE SETTINGS",860,1075.00,0,0.00
2864,"3 PINK HEN+CHICKS IN BASKET",48,60.00,0,0.00
2878,"FLAG OF ST GEORGE ",92,151.80,0,0.00
543,"PINK HEARTS PAPER GARLAND",674,984.10,0,0.00
1975,"ANGEL DECORATION WITH LACE PADDED",848,720.80,0,0.00
2861,"BUNNY EGG BOX",732,915.00,0,0.00
3917,"MEDIUM PARLOUR PICTURE FRAME ",632,2536.40,0,0.00
4004,"MEDIUM PARLOUR FRAME ",632,2536.40,0,0.00
1737,"PACK/12 BLUE FOLKART CARDS",89,262.55,0,0.00
3383,"Next Day Carriage",316,4800.00,0,0.00
2291,"WHITE HANGING BEADS CANDLE HOLDER",956,4979.80,0,0.00
2791,"CITRUS GARLAND FELT FLOWERS ",240,468.00,0,0.00
2486,"ROMANTIC IMAGES SCRAP BOOK SET",64,183.60,0,0.00
2426,"SET 4 NURSERY DES ROUND BOXES",220,229.00,0,0.00
2534,"PINK DOG CANNISTER",56,157.20,0,0.00
3170,"YELLOW/ORANGE FLOWER DESIGN PLATE",272,78.88,0,0.00
3273,"CRYSTAL STUD EARRINGS CLEAR DISPLAY",1296,492.48,0,0.00
2914,"S/2 ZINC HEART DESIGN PLANTERS",160,1592.00,0,0.00
3016,"GLASS BEAD HOOP NECKLACE AMETHYST",12,102.00,0,0.00
2143,"PSYCHEDELIC WALL THERMOMETER",320,449.92,0,0.00
2942,"BLUE STONES ON WIRE FOR CANDLE",1616,135.00,0,0.00
2383,"GARDEN PATH NOTEBOOK ",60,99.00,0,0.00
2958,"ACRYLIC JEWEL SNOWFLAKE, PINK",648,253.12,0,0.00
1833,"ANT SILVER PURPLE BOUDICCA RING",41,120.95,0,0.00
1547,"BLUE POLKADOT PUDDING BOWL",119,160.98,0,0.00
3078,"FRENCH STYLE STORAGE JAR JAM",1292,466.36,0,0.00
2936,"TRANQUILITY MASALA INCENSE",800,168.00,0,0.00
1800,"BATHROOM SCALES FOOTPRINTS IN SAND",205,691.95,0,0.00
1966,"WAY OUT METAL SIGN ",144,237.60,0,0.00
1757,"BEADED PEARL HEART WHITE LARGE",335,552.75,0,0.00
2780,"CONGRATULATIONS BUNTING",52,283.40,0,0.00
2575,"SQUARE CHERRY BLOSSOM CABINET",96,379.20,0,0.00
2573,"RETRO BROWN BALL ASHTRAY ",164,205.00,0,0.00
1939,"RETRO PINK BALL ASHTRAY ",184,230.00,0,0.00
2127,"SPOTS ON RED BOOKCOVER TAPE",64,26.88,0,0.00
2629,"BLACK SMALL GLASS CAKE STAND",244,219.96,0,0.00
2952,"LUNCH BOX WITH CUTLERY FAIRY CAKES ",244,622.20,0,0.00
1462,"LAVENDER INCENSE 40 CONES IN TIN",478,467.90,0,0.00
1461,"VANILLA INCENSE 40 CONES IN TIN",122,152.50,0,0.00
2572,"CRYSTAL STUD EARRINGS ASSORTED COL ",2448,930.24,0,0.00
2544,"SILVER ROCOCO CANDLE STICK",584,1362.80,0,0.00
1522,"BLACK WINE GLASS",6700,2819.64,0,0.00
2345,"ASSORTED COLOUR METAL CAT ",460,575.00,0,0.00
3984,"KEEP CALM BIRTHDAY WRAP",4700,1926.00,0,0.00
3986,"WRAP KEEP CALM BIRTHDAY",4700,1926.00,0,0.00
2138,"HEART SHAPED MIRROR",20,33.80,0,0.00
2877,"ZINC HEART LATTICE 2 WALL PLANTER",76,482.60,0,0.00
2927,"ZINC HEART LATTICE TRAY OVAL ",36,214.20,0,0.00
2928,"SET OF 6 ICE CREAM SKITTLES",64,188.80,0,0.00
2795,"LIGHTHOUSE PRINTED METAL SIGN",24,118.80,0,0.00
1519,"FROG SOCK PUPPET",61,179.95,0,0.00
2136,"PINK FAIRY CAKE CUSHION COVER",84,214.20,0,0.00
225,"LAVENDER INCENSE IN TIN",689,398.41,0,0.00
3020,"PINK AND BLACK STRING CURTAIN",152,328.40,0,0.00
1846,"STRIPES DESIGN TEDDY",235,599.25,0,0.00
2198,"LOVE POTION MASALA INCENSE",900,189.00,0,0.00
2197,"WISE MAN STAR SHAPE EGG PAN",96,52.56,0,0.00
507,"SET/9 CHRISTMAS T-LIGHTS SCENTED ",120,150.00,0,0.00
1901,"UTILTY CABINET WITH HOOKS",525,10468.11,0,0.00
1501,"PURPLE GEMSTONE NECKLACE 45CM",33,420.75,0,0.00
2116,"SILVER LATTICE VANILLA CANDLE POT",68,255.00,0,0.00
742,"SILVER  CANDLEPOT JARDIN ",100,375.00,0,0.00
2909,"WHITE BEADED GARLAND STRING 20LIGHT",12,76.20,0,0.00
2886,"SMALL WHITE/PINK ROSE ART FLOWER",452,510.28,0,0.00
2693,"MEDIUM WHITE/PINK ROSE ART FLOWER",508,697.24,0,0.00
2668,"WOODEN BOX ADVENT CALENDAR ",40,358.00,0,0.00
1646,"LA PALMIERA WALL THERMOMETER",61,155.55,0,0.00
3105,"WINE BOTTLE DRESSING LT.BLUE",56,12.16,0,0.00
2778,"DAISY FOLKART HEART DECORATION",384,480.00,0,0.00
3662,"ACRYLIC JEWEL ANGEL,PINK",312,118.56,0,0.00
3668,"ACRYLIC JEWEL ICICLE, BLUE",124,47.12,0,0.00
2599,"BLACK MEDIUM GLASS CAKE STAND",76,154.76,0,0.00
2595,"PINK FLOCK GLASS CANDLEHOLDER",48,48.72,0,0.00
2120,"FIRE POLISHED GLASS NECKL BRONZE",12,71.40,0,0.00
2591,"FIRE POLISHED GLASS NECKL GOLD",4,23.80,0,0.00
2590,"PALE PINK/AMETHYST STONE NECKLACE",12,119.40,0,0.00
2589,"FRESHWATER PEARL BRACELET GOLD",12,30.60,0,0.00
3099,"PASTEL PINK PHOTO ALBUM ",28,14.00,0,0.00
3140,"JARDIN ETCHED GLASS LARGE BELL JAR",152,670.80,0,0.00
2842,"BLUE HANGING GINGHAM EASTER HEN",128,53.76,0,0.00
2841,"PINK HANGING GINGHAM EASTER HEN",128,53.76,0,0.00
500,"CHRISTMAS TREE T-LIGHT HOLDER",138,200.10,0,0.00
256,"COSY HOUR GIANT TUBE MATCHES",840,2055.60,0,0.00
3081,"BLACK FEATHER CHRISTMAS DECORATION",384,72.96,0,0.00
1796,"MODERN VINTAGE COTTON SHOPPING BAG",89,121.35,0,0.00
668,"SET/4 MODERN VINTAGE COTTON NAPKINS",312,358.80,0,0.00
2479,"CAROUSEL PONIES BABY BIB",132,57.48,0,0.00
3076,"S/4 ICON COASTER,ELVIS LIVES",100,42.44,0,0.00
3235,"MAXWELL 2 TONE BLUE 60 PAGE PHOTO A",28,31.40,0,0.00
2194,"FREESTYLE CANVAS ART PICTURE",164,158.60,0,0.00
1535,"Bank Charges",45,675.00,0,0.00
1924,"HOUSE WRECKING METAL SIGN ",205,430.50,0,0.00
3851,"WALL ART MID CENTURY MODERN ",656,4063.12,0,0.00
2934,"A4 WALL TIDY RED FLOWERS",52,29.48,0,0.00
2954,"CANDY SPOT TEA COSY",108,160.20,0,0.00
2337,"REGENCY MIRROR WITH SHUTTERS",40,6120.00,0,0.00
3898,"BLUE BUNNY EASTER EGG BASKET",628,921.00,0,0.00
3897,"PINK BUNNY EASTER EGG BASKET",632,927.60,0,0.00
3896,"CREAM BUNNY EASTER EGG BASKET",100,165.00,0,0.00
2354,"ASS COL CIRCLE MOBILE ",2156,801.84,0,0.00
3649,"ASSORTED COLOURED CIRCLE MOBILE ",2156,801.84,0,0.00
2333,"FLORAL BLUE MONSTER",20,85.00,0,0.00
2951,"METAL RABBIT LADDER EASTER ",296,251.60,0,0.00
3032,"BEST DAD CANDLE LETTERS",124,105.40,0,0.00
3240,"BLUE CHECK BAG W HANDLE 34X20CM",68,56.44,0,0.00
2747,"BLUE CHENILLE SHAGGY CUSHION COVER ",172,172.60,0,0.00
3142,"FRENCH CHATEAU SMALL FRUITBOWL",96,206.40,0,0.00
4026,"HAND PAINTED HANGING EASTER EGG",88,36.96,0,0.00
2714,"OPIUM SCENTED VOTIVE CANDLE",3360,813.12,0,0.00
3035,"SMALL SINGLE FLAME CANDLE HOLDER",132,46.20,0,0.00
3028,"TOP SECRET PEN SET",184,230.00,0,0.00
3114,"PINK SMALL GLASS CAKE STAND",96,187.20,0,0.00
3101,"HELLO SAILOR BATHROOM SET",56,210.00,0,0.00
2937,"OCEAN STRIPE HAMMOCK ",8,63.60,0,0.00
2935,"INCENSE BAZAAR PEACH",24,10.08,0,0.00
3086,"BLUE HOLE PUNCH",52,65.00,0,0.00
2524,"ANT SILVER FUSCHIA BOUDICCA RING",56,165.20,0,0.00
3356,"PEARL & SHELL 42"NECKL. IVORY",8,86.00,0,0.00
1516,"CHRYSANTHEMUM POCKET BOOK ",257,218.45,0,0.00
627,"ASS COL SMALL SAND GECKO P'WEIGHT",118,49.56,0,0.00
3361,"ENGLISH ROSE SCENTED HANGING HEART",16,68.00,0,0.00
2437,"FLOWER PURPLE CLOCK W/SUCKER",84,35.56,0,0.00
3551,"FLOWER PURPLE CLOCK WITH SUCKER",84,35.56,0,0.00
2483,"OLD DOC RUSSEL METAL SIGN",56,117.60,0,0.00
2820,"HANGING RIDGE GLASS T-LIGHT HOLDER",144,243.36,0,0.00
2819,"PINK CHERRY LIGHTS",16,108.00,0,0.00
2967,"BLACK CHERRY LIGHTS",32,216.00,0,0.00
1107,"WOOD AND GLASS MEDICINE CABINET",42,1257.90,0,0.00
3549,"ROUND BLUE CLOCK WITH SUCKER",800,152.00,0,0.00
3116,"YELLOW PINK FLOWER DESIGN BIG BOWL",112,43.68,0,0.00
3267,"PINK FLOCK PHOTO FRAME ",48,60.00,0,0.00
3323,"FLOWERS HANDBAG blue and orange",196,245.00,0,0.00
3415,"POP ART PUSH DOWN RUBBER ",392,47.04,0,0.00
3608,"BLUE MONTE CARLO HANDBAG",96,187.20,0,0.00
3596,"PURPLE DRESS JEWELLERY STAND",244,192.76,0,0.00
2931,"EAU DE NILE JEWELLED PHOTOFRAME",772,1158.60,0,0.00
2559,"BLUE DAISY MOBILE",688,555.04,0,0.00
3985,"RUBY GLASS CLUSTER NECKLACE",8,60.00,0,0.00
3533,"DIAMANTE NECKLACE PURPLE",28,210.00,0,0.00
2421,"ASS COL LARGE SAND FROG P'WEIGHT",108,113.40,0,0.00
2962,"PAINTED SEA SHELL METAL WINDCHIME",372,341.24,0,0.00
2844,"BLOND DOLL DOORSTOP",460,597.00,0,0.00
1879,"CREAM AND PINK FLOWERS PONY ",45,168.75,0,0.00
2529,"SILVER APERITIF GLASS",1104,513.60,0,0.00
3014,"BLUE WHITE PLASTIC RINGS LAMPSHADE",56,47.60,0,0.00
1738,"FOLK ART GREETING CARD,pack/12",93,274.35,0,0.00
2784,"VINTAGE KITCHEN PRINT PUDDINGS",172,438.60,0,0.00
2974,"PINK/PURPLE CIRCLE CURTAIN",208,226.08,0,0.00
1120,"PINK MARSHMALLOW SCARF KNITTING KIT",180,459.00,0,0.00
4043,"LETTER "U" BLING KEY RING",48,13.92,0,0.00
1823,"FLOWER FAIRY INCENSE BOUQUET",246,132.78,0,0.00
3012,"PINK FLOCK GLASS CANDLEHOLDER",104,70.00,0,0.00
2903,"DECORATIVE HANGING SHELVING UNIT",24,1438.80,0,0.00
2981,"PINK FLOWERS RABBIT EASTER",32,94.40,0,0.00
2777,"YELLOW POT PLANT CANDLE",92,284.20,0,0.00
1764,"JASMINE VOTIVE CANDLE",1376,368.32,0,0.00
3162,"BLUE SQUARE COMPACT MIRROR",204,255.00,0,0.00
3143,"FRENCH CHATEAU LARGE FRUIT BOWL ",40,78.00,0,0.00
3117,"FRENCH CHATEAU OVAL PLATTER",60,117.00,0,0.00
2926,"15 PINK FLUFFY CHICKS IN BOX",40,118.00,0,0.00
3034,"HEAVENS SCENT FRAGRANCE OILS ASSTD",288,83.52,0,0.00
1618,"HEARTS WRAPPING TAPE ",21,13.65,0,0.00
2916,"CUPID SCENTED CANDLE IN GLASS",44,72.60,0,0.00
1736,"ROBOT MUG IN DISPLAY BOX",13,16.25,0,0.00
1411,"ASSORTED CAKES FRIDGE MAGNETS",232,150.80,0,0.00
1338,"SET/4 GARDEN ROSE DINNER CANDLE",29,47.85,0,0.00
3561,"IVORY GOLD METAL BAG CHARM",20,139.08,0,0.00
3560,"COPPER AND BRASS BAG CHARM",16,99.24,0,0.00
3003,"RETRO TIN ASHTRAY,REVOLUTIONARY",208,77.60,0,0.00
3232,"LILAC VOTIVE CANDLE",288,60.48,0,0.00
1727,"ASSORTED INCENSE PACK",17568,3271.68,0,0.00
3993,"WRAP A PRETTY THANK YOU",200,84.00,0,0.00
2381,"BLUE BREAKFAST CUP AND SAUCER ",16,47.20,0,0.00
1944,"SET/4 BUTTERFLY MIRROR MAGNETS",316,156.80,0,0.00
3577,"ROUND BLUE CLOCK WITH SUCKER",44,8.36,0,0.00
3578,"ROUND ARTICULATED PINK CLOCK W/SUCK",112,21.28,0,0.00
2695,"PINK CANDYSTUFT ARTIFICIAL FLOWER",548,387.56,0,0.00
2290,"PINK SMALL JEWELLED PHOTOFRAME",48,79.20,0,0.00
3422,"PINK FLOCK SUEDE CUSHION COVER ",48,60.00,0,0.00
3233,"TEATIME GEL PENS ASST",2016,328.32,0,0.00
2946,"CHERRY BLOSSOM CANVAS ART PICTURE",164,391.80,0,0.00
1353,"PINK/YELLOW FLOWERS HANDBAG",430,537.50,0,0.00
2250,"BUTTONS AND STRIPES NOTEBOOK ",52,195.00,0,0.00
755,"CREAM SWEETHEART WALL CABINET",29,525.55,0,0.00
2713,"CANNABIS LEAF BEAD CURTAIN",144,122.40,0,0.00
3188,"PASTEL BLUE PHOTO ALBUM ",116,58.00,0,0.00
3207,"GOLD APERITIF GLASS",352,137.28,0,0.00
2965,"SQUARE METAL CANDLEHOLDER BASE",208,146.08,0,0.00
3606,"BIRD ON BRANCH CANVAS SCREEN",44,85.80,0,0.00
2773,"CANDY SPOT BUNNY",56,165.20,0,0.00
1589,"WRAP  PINK FLOCK",125,52.50,0,0.00
2484,"BLUE SHARK HELICOPTER",8,63.60,0,0.00
3564,"RED PEONY TABLE CLOCK",64,188.80,0,0.00
1112,"SMALL HANGING GLASS+ZINC LANTERN",184,266.80,0,0.00
2973,"LILAC GAUZE BUTTERFLY LAMPSHADE",96,40.32,0,0.00
3601,"CUTE BIRD CEATURE SCREEN",88,34.32,0,0.00
3600,"CUTE RABBIT CEATURE SCREEN ",44,17.16,0,0.00
3186,"3 BIRDS CANVAS SCREEN",8,8.16,0,0.00
2938,"ELEPHANT CLIP W SUCTION CUP",64,26.88,0,0.00
2694,"WHITE ANEMONE ARTIFICIAL FLOWER",8,13.52,0,0.00
2691,"CREAM DELPHINIUM ARTIFICIAL FLOWER",280,722.32,0,0.00
2690,"PINK BOUDOIR T-LIGHT HOLDER",48,40.80,0,0.00
3685,"HAPPY BIRTHDAY CARD TEDDY/CAKE",20,3.80,0,0.00
3563,"GREEN WITH METAL BAG CHARM",12,59.40,0,0.00
3562,"WHITE WITH METAL BAG CHARM",12,59.40,0,0.00
2528,"ZINC HEART LATTICE CHARGER SMALL",84,247.80,0,0.00
2489,"GOLD SCROLL GLASS T-LIGHT HOLDER",320,548.88,0,0.00
2840,"HANGING BUTTERFLY  EGG",36,30.60,0,0.00
3983,"LIGHT DECORATION BATTERY OPERATED",8,16.80,0,0.00
1933,"RED ROSE AND LACE C/COVER",15,44.25,0,0.00
2940,"WHITE HYDRANGEA ART FLOWER",88,184.80,0,0.00
3044,"PURPLE ANEMONE ARTIFICIAL FLOWER",16,27.04,0,0.00
3021,"PACK 20 DOLLY PEGS",968,698.00,0,0.00
2966,"M/COLOUR POM-POM CURTAIN",8,34.00,0,0.00
3239,"BLUE STRIPES SHOULDER BAG",36,29.88,0,0.00
3416,"WHITE FRANGIPANI HAIR CLIP",40,34.00,0,0.00
2332,"METAL BASE FOR CANDLES",44,18.48,0,0.00
1475,"BLUE GLASS CHUNKY CHARM BRACELET",38,340.10,0,0.00
1950,"FUNKY MONKEY MUG",4,5.00,0,0.00
2751,"VINTAGE GLASS TEA CADDY",12,71.40,0,0.00
2728,"BLACK FLOWER CANDLE PLATE",28,23.80,0,0.00
2829,"PINK POLKADOT KIDS BAG",4,7.80,0,0.00
2867,"FROG KING WATERING CAN",36,106.20,0,0.00
1507,"CLAM SHELL LARGE",21,78.75,0,0.00
3109,"SET OF 16 VINTAGE IVORY CUTLERY",8,102.00,0,0.00
3371,"BLUE DELPHINIUM ARTIFICIAL FLOWER",396,753.48,0,0.00
3767,"BLUE CLIMBING HYDRANGA ART FLOWER",152,210.00,0,0.00
4027,"PAINT YOUR OWN EGGS IN CRATE",656,1197.44,0,0.00
2441,"SET OF 3 PINK FLYING DUCKS",4,21.80,0,0.00
2587,"ACRYLIC JEWEL SNOWFLAKE,PINK",72,79.44,0,0.00
3661,"PINK ACRYLIC JEWEL SNOWFLAKE",72,79.44,0,0.00
3080,"PINK CRYSTAL GUITAR PHONE CHARM",4,3.40,0,0.00
2772,"FUSCHIA RETRO BAR STOOL",56,2093.20,0,0.00
4016,"12 HANGING EGGS HAND PAINTED",168,349.44,0,0.00
2839,"PINK FELT EASTER EGG BASKET",56,92.40,0,0.00
2980,"GIANT MEDINA STAMPED METAL BOWL ",8,79.60,0,0.00
2639,"BLOSSOM IMAGES SCRAP BOOK SET",4,19.80,0,0.00
2297,"ASSORTED COLOUR SUCTION CUP HOOK",808,153.52,0,0.00
2887,"RETRO PLASTIC 70'S TRAY",12,15.00,0,0.00
3068,"WHITE WITH BLACK CATS PLATE",312,132.72,0,0.00
3259,"WHITE 3 FRAME BIRDS AND TREE ",80,600.00,0,0.00
3433,"FOLKART CHRISTMAS TREE T-LIGHT HOLD",108,41.04,0,0.00
1835,"BEADED LOVE HEART JEWELLERY SET",50,42.50,0,0.00
2465,"MINI HIGHLIGHTER PENS",3360,403.20,0,0.00
3891,"SILVER 2 STRAND NECKLACE-LEAF CHARM",8,60.00,0,0.00
3169,"BAROQUE BUTTERFLY EARRINGS BLACK",8,30.00,0,0.00
3890,"UBO-LIGHT TRIOBASE PURPLE",20,17.00,0,0.00
3594,"GREEN/BLUE CERAMIC CANDLE HOLDER",32,52.80,0,0.00
3593,"BLUE/YELLOW CERAMIC CANDLE HOLDER",16,26.40,0,0.00
2192,"BLUE ROSE PATCH PURSE PINK BUTTERFL",128,211.20,0,0.00
2746,"RED PURSE WITH PINK HEART",28,35.00,0,0.00
2800,"NEW BAROQUE BLACK BOXES",12,153.00,0,0.00
3642,"PURPLE ENAMEL+GLASS HAIR COMB",336,655.20,0,0.00
3806,"LARGE BLACK DIAMANTE HAIRSLIDE",16,26.40,0,0.00
3183,"BLUE PADDED SOFT MOBILE",4,17.00,0,0.00
4009,"WHITE CHRISTMAS TREE 60CM",8,23.60,0,0.00
2945,"PINK GAUZE BUTTERFLY LAMPSHADE",60,25.20,0,0.00
1511,"PINK TALL PORCELAIN T-LIGHT HOLDER ",21,53.55,0,0.00
2106,"BLACKCHRISTMAS TREE 30CM",4,5.00,0,0.00
2102,"DUSTY PINK CHRISTMAS TREE 30CM",4,5.00,0,0.00
3442,"DANISH ROSE UMBRELLA STAND",8,127.60,0,0.00
3458,"FLOWER GLASS GARLAND NECKL.36"GREEN",16,127.20,0,0.00
3294,"FLOWER GARLAND NECKLACE RED",24,190.80,0,0.00
3457,"GLASS BEAD HOOP NECKLACE BLACK",8,68.00,0,0.00
3511,"CLASSICAL ROSE TABLE LAMP",24,222.80,0,0.00
1572,"WEEKEND BAG VINTAGE ROSE PAISLEY",345,2639.25,0,0.00
81,"GIRLY PINK TOOL SET",25,123.75,0,0.00
2308,"VINTAGE NOTEBOOK BEAUTY GIRL",12,35.40,0,0.00
2330,"CHRISTMAS CRAFT HEART STOCKING ",120,252.00,0,0.00
2908,"EASTER CRAFT IVY WREATH WITH CHICK",4,7.80,0,0.00
2504,"BLACK CHRISTMAS FLOCK DROPLET ",96,120.00,0,0.00
1923,"BLUE TEATIME PRINT BOWL ",42,52.50,0,0.00
2774,"RABBIT EASTER DECORATION",32,94.40,0,0.00
3153,"ENAMEL BLUE RIM TEA CONTAINER",32,36.72,0,0.00
3576,"PSYCHEDELIC METAL SIGN CALENDAR",40,31.60,0,0.00
3613,"ORIENTAL RED CUSHION COVER ",52,241.80,0,0.00
1496,"LILY BROOCH AMETHYST COLOUR",61,301.95,0,0.00
3092,"YELLOW/BLUE RETRO RADIO",64,188.80,0,0.00
2809,"BLUE CRUSOE CHECK LAMPSHADE",36,15.12,0,0.00
3158,"BLACK PHOTO ALBUM ",60,30.00,0,0.00
3367,"FUNKY FLOWER PICNIC BAG FOR 4",8,135.60,0,0.00
1548,"VINTAGE BLUE TINSEL REEL",10,4.20,0,0.00
2133,"BLUE ORGANDY ROUND LAMPSHADE W BEA",48,40.80,0,0.00
2818,"TEA TIME TEA TOWELS ",10400,24180.00,0,0.00
3083,"PURPLE/TURQ FLOWERS HANDBAG",8,10.00,0,0.00
3667,"PINK/WHITE CHRISTMAS TREE 30CM",184,69.92,0,0.00
1467,"ARMY CAMO BOOKCOVER TAPE",73,30.66,0,0.00
233,"SILVER LOOKING MIRROR",23,113.85,0,0.00
3676,"HAPPY BIRTHDAY CARD STRIPEY TEDDY",52,9.88,0,0.00
3389,"CHAMPAGNE TRAY BLANK CARD",32,6.08,0,0.00
1891,"TEA TIME BREAKFAST BASKET",5,10.50,0,0.00
3241,"LASER CUT MULTI STRAND NECKLACE",4,47.80,0,0.00
1928,"NEW ENGLAND MUG W GIFT BOX",9,22.95,0,0.00
3122,"BIG POLKADOT MUG",24,9.36,0,0.00
3449,"DOLPHIN WINDMILL",4,8.48,0,0.00
4017,"SET OF 6 EASTER RAINBOW CHICKS",48,60.00,0,0.00
4018,"DUSTY PINK CHRISTMAS TREE 60CM",36,106.20,0,0.00
1410,"DAIRY MAID  PUDDING BOWL",24,90.00,0,0.00
2477,"BLUE TILED TRAY",32,216.00,0,0.00
3219,"60 GOLD AND SILVER FAIRY CAKE CASES",8,4.40,0,0.00
4008,"ROSE FLOWER CANDLE+INCENSE 16X16CM",16,60.00,0,0.00
4045,"PAPER CRAFT , LITTLE BIRDIE",323980,673878.40,0,0.00
2624,"CURIOUS IMAGES SCRAP BOOK SET",12,59.40,0,0.00
1771,"VINTAGE PHOTO ALBUM PARIS DAYS",34,215.90,0,0.00
2100,"WRAP BLUE RUSSIAN FOLKART",100,42.00,0,0.00
1440,"VINTAGE POST OFFICE CABINET",45,2510.55,0,0.00
2959,"POCKET MIRROR "GLAMOROUS"",20,25.00,0,0.00
2686,"PURPLE CHUNKY GLASS+BEAD NECKLACE",4,47.80,0,0.00
3618,"VINTAGE BEAD PINK JEWEL STAND",4,19.80,0,0.00
3629,"BLUE PAINTED KASHMIRI CHAIR",12,599.40,0,0.00
3141,"MUMMY MOUSE RED GINGHAM RIBBON",4,21.80,0,0.00
2137,"GREEN POP ART MAO CUSHION COVER ",48,9.12,0,0.00
1777,"SILVER/NATURAL SHELL NECKLACE",33,280.50,0,0.00
2525,"PINK/WHITE GLASS DEMI CHOKER",8,60.00,0,0.00
2983,"BLUE/NAT SHELL NECKLACE W PENDANT",4,23.80,0,0.00
3125,"ASSORTED COLOUR SILK GLASSES CASE",12,25.20,0,0.00
3964,"UBO-LIGHT TRIOBASE BLUE",16,13.60,0,0.00
2963,"FOLDING SHOE TIDY",12,35.40,0,0.00
3030,"NECKLACE+BRACELET SET PINK DAISY",4,10.20,0,0.00
2601,"BLUE GINGHAM ROSE CUSHION COVER",8,47.60,0,0.00
2882,"PINK CHERRY BLOSSOM CUP & SAUCER",24,30.00,0,0.00
3031,"PINK CHRYSANTHEMUMS ART FLOWER",72,151.20,0,0.00
3614,"LIGHT PINK FLOCK GLASS CANDLEHOLDER",144,54.72,0,0.00
3085,"CROCHET ROSE DES CLOTHES HANGER",20,59.00,0,0.00
2828,"GLASS CAKE COVER AND PLATE",8,119.60,0,0.00
3102,"HEN HOUSE W CHICK IN NEST",4,1.68,0,0.00
3147,"ORANGE FELT VASE + FLOWERS",4,5.00,0,0.00
3279,"POLYESTER FILLER PAD 60x40cm",8,20.40,0,0.00
3250,"GOLD FLOWER CUSHION COVER ",32,62.40,0,0.00
4030,"CROCHET LILAC/RED BEAR KEYRING",4,6.60,0,0.00
2248,"SET/6 IVORY BIRD T-LIGHT CANDLES",4,8.40,0,0.00
2614,"CAKE STAND LACE WHITE",4,17.00,0,0.00
3182,"S/2 BEACH HUT TREASURE CHESTS",12,39.80,0,0.00
1339,"GOLD PRINT PAPER BAG",95,18.05,0,0.00
3565,"LILAC FEATHERS CURTAIN",48,37.92,0,0.00
4007,"FLOWER SHOP DESIGN MUG",4,6.60,0,0.00
3378,"CAPIZ CHANDELIER",4,119.80,0,0.00
2292,"BLUE NEW BAROQUE FLOCK CANDLESTICK",4,18.60,0,0.00
4022,"CAT WITH SUNGLASSES BLANK CARD",20,3.80,0,0.00
3026,"SCALLOP SHELL SOAP DISH",4,8.40,0,0.00
